"studyid","na","arm","treatment","n","mean_change","sd_change","source","y_baseline","sd_baseline","y_followup","sd_followup","r_used","responders","p_response","q","cutoff"
"Kinoshita 2009",4,1,1,70,-1.43654450939859,1.03890158755263,"change_from_baseline",NA,NA,NA,NA,NA,NA,NA,NA,NA
"Kinoshita 2009",4,2,6,65,-1.83711942067319,0.941937439381055,"change_from_baseline",NA,NA,NA,NA,NA,NA,NA,NA,NA
"Kinoshita 2009",4,3,6,66,-1.90618406054813,0.955789460548424,"change_from_baseline",NA,NA,NA,NA,NA,NA,NA,NA,NA
"Kinoshita 2009",4,4,6,69,-1.64373842902338,1.05275360872,"change_from_baseline",NA,NA,NA,NA,NA,NA,NA,NA,NA
"Jefferson 2000",4,1,1,101,-1.12875862221084,1.03278070396568,"change_from_baseline",NA,NA,NA,NA,NA,NA,NA,NA,NA
"Jefferson 2000",4,2,40,104,-1.39928754819525,0.953336034429862,"change_from_baseline",NA,NA,NA,NA,NA,NA,NA,NA,NA
"Jefferson 2000",4,3,40,95,-1.42727329915916,1.00193747932236,"change_from_baseline",NA,NA,NA,NA,NA,NA,NA,NA,NA
"Jefferson 2000",4,4,43,97,-1.28734454433963,1.01221855420347,"change_from_baseline",NA,NA,NA,NA,NA,NA,NA,NA,NA
"Burke 2002",4,1,1,119,-1.00007576527007,1.04639243909313,"change_from_baseline",NA,NA,NA,NA,NA,NA,NA,NA,NA
"Burke 2002",4,2,40,125,-1.27669246630221,1.07196618505874,"change_from_baseline",NA,NA,NA,NA,NA,NA,NA,NA,NA
"Burke 2002",4,3,41,118,-1.36180529738903,0.925982718505018,"change_from_baseline",NA,NA,NA,NA,NA,NA,NA,NA,NA
"Burke 2002",4,4,41,123,-1.47883544013339,0.94516302797923,"change_from_baseline",NA,NA,NA,NA,NA,NA,NA,NA,NA
"Wernicke 1987",4,1,1,48,-0.660110433337514,0.998153054372506,"change_from_baseline",NA,NA,NA,NA,NA,NA,NA,NA,NA
"Wernicke 1987",4,2,42,97,-1.13492670994871,0.98654662350771,"change_from_baseline",NA,NA,NA,NA,NA,NA,NA,NA,NA
"Wernicke 1987",4,3,42,97,-1.11176494035792,0.95172733091332,"change_from_baseline",NA,NA,NA,NA,NA,NA,NA,NA,NA
"Wernicke 1987",4,4,42,103,-0.833823705268439,1.05618520869649,"change_from_baseline",NA,NA,NA,NA,NA,NA,NA,NA,NA
"Lam 2016",4,1,1,30,-0.711374928402053,1.05738095866625,"change_from_baseline",NA,NA,NA,NA,NA,NA,NA,NA,NA
"Lam 2016",4,2,42,31,-0.963092210759703,1.09042411362457,"change_from_baseline",NA,NA,NA,NA,NA,NA,NA,NA,NA
"Lam 2016",4,3,66,32,-1.466526775475,0.826078873958006,"change_from_baseline",NA,NA,NA,NA,NA,NA,NA,NA,NA
"Lam 2016",4,4,98,29,-1.84957481384534,1.01332341872182,"change_from_baseline",NA,NA,NA,NA,NA,NA,NA,NA,NA
"Detke 2004",4,1,1,93,-1.84031283803983,1.0100953594571,"change_from_baseline",NA,NA,NA,NA,NA,NA,NA,NA,NA
"Detke 2004",4,2,43,85,-2.4467795687575,0.966087055414363,"change_from_baseline",NA,NA,NA,NA,NA,NA,NA,NA,NA
"Detke 2004",4,3,51,93,-2.30039104754978,1.0100953594571,"change_from_baseline",NA,NA,NA,NA,NA,NA,NA,NA,NA
"Detke 2004",4,4,51,93,-2.53043015230476,1.0100953594571,"change_from_baseline",NA,NA,NA,NA,NA,NA,NA,NA,NA
"Fabre 1995a",4,1,1,86,-0.910747105392369,0.900734563634679,"change_from_baseline",NA,NA,NA,NA,NA,NA,NA,NA,NA
"Fabre 1995a",4,2,44,90,-1.27025254173146,1.03284229963443,"change_from_baseline",NA,NA,NA,NA,NA,NA,NA,NA,NA
"Fabre 1995a",4,3,44,89,-1.17438442537437,1.06887168217982,"change_from_baseline",NA,NA,NA,NA,NA,NA,NA,NA,NA
"Fabre 1995a",4,4,44,82,-1.10248333810655,0.984803122907249,"change_from_baseline",NA,NA,NA,NA,NA,NA,NA,NA,NA
"Blumenthal 2007/Hoffman 2011",4,1,1,49,-0.874142154021529,1.05008717649299,"change_from_baseline",NA,NA,NA,NA,NA,NA,NA,NA,NA
"Blumenthal 2007/Hoffman 2011",4,2,44,49,-0.874142154021529,0.963778641438774,"change_from_baseline",NA,NA,NA,NA,NA,NA,NA,NA,NA
"Blumenthal 2007/Hoffman 2011",4,3,62,53,-1.01744414648407,0.992548153123513,"change_from_baseline",NA,NA,NA,NA,NA,NA,NA,NA,NA
"Blumenthal 2007/Hoffman 2011",4,4,63,51,-1.03177434573033,0.992548153123513,"change_from_baseline",NA,NA,NA,NA,NA,NA,NA,NA,NA
"Khoshnab 2017",4,1,3,15,-0.197105419360931,0.396818367083825,"change_from_baseline",NA,NA,NA,NA,NA,NA,NA,NA,NA
"Khoshnab 2017",4,2,44,15,-0.242591285367299,0.793636734167652,"change_from_baseline",NA,NA,NA,NA,NA,NA,NA,NA,NA
"Khoshnab 2017",4,3,60,15,-0.269124707204347,0.793636734167652,"change_from_baseline",NA,NA,NA,NA,NA,NA,NA,NA,NA
"Khoshnab 2017",4,4,88,15,-0.572363813913471,1.60711438668949,"change_from_baseline",NA,NA,NA,NA,NA,NA,NA,NA,NA
"Zu 2014",4,1,5,16,-1.39340825611263,1.2608008629027,"change_from_baseline",NA,NA,NA,NA,NA,NA,NA,NA,NA
"Zu 2014",4,2,10,12,-1.71496400752323,0.432274581566639,"change_from_baseline",NA,NA,NA,NA,NA,NA,NA,NA,NA
"Zu 2014",4,3,39,25,-1.23263038040732,1.22477798110548,"change_from_baseline",NA,NA,NA,NA,NA,NA,NA,NA,NA
"Zu 2014",4,4,70,43,-1.75069242434663,0.846537722234669,"change_from_baseline",NA,NA,NA,NA,NA,NA,NA,NA,NA
"003-008 (FDA)",3,1,1,28,-1.23545336838388,1,"change_from_baseline",NA,NA,NA,NA,NA,NA,NA,NA,NA
"003-008 (FDA)",3,2,6,30,-0.978067249970573,1,"change_from_baseline",NA,NA,NA,NA,NA,NA,NA,NA,NA
"003-008 (FDA)",3,3,6,28,-0.939459332208577,1,"change_from_baseline",NA,NA,NA,NA,NA,NA,NA,NA,NA
"MIR 003-020 (FDA)",3,1,1,39,-0.58389300331514,0.783601334883796,"change_from_baseline",NA,NA,NA,NA,NA,NA,NA,NA,NA
"MIR 003-020 (FDA)",3,2,6,40,-1.28943038232093,1.06520806460766,"change_from_baseline",NA,NA,NA,NA,NA,NA,NA,NA,NA
"MIR 003-020 (FDA)",3,3,45,40,-1.39891032044252,1.1141831480379,"change_from_baseline",NA,NA,NA,NA,NA,NA,NA,NA,NA
"MIR 003-021 (FDA)",3,1,1,48,-1.18990630225336,1.12085699493282,"change_from_baseline",NA,NA,NA,NA,NA,NA,NA,NA,NA
"MIR 003-021 (FDA)",3,2,6,45,-1.46546355119625,0.957136310279712,"change_from_baseline",NA,NA,NA,NA,NA,NA,NA,NA,NA
"MIR 003-021 (FDA)",3,3,45,48,-1.70344481164692,0.906760715001833,"change_from_baseline",NA,NA,NA,NA,NA,NA,NA,NA,NA
"Montgomery 1992",3,1,1,64,-1.24257944374248,0.916731064480644,"change_from_baseline",NA,NA,NA,NA,NA,NA,NA,NA,NA
"Montgomery 1992",3,2,40,68,-1.35436452627613,0.916731064480644,"change_from_baseline",NA,NA,NA,NA,NA,NA,NA,NA,NA
"Montgomery 1992",3,3,40,61,-1.56616784055041,1.16009008417525,"change_from_baseline",NA,NA,NA,NA,NA,NA,NA,NA,NA
"Study 89306 (FDA)",3,1,1,88,-1.20198783696608,0.999033414239564,"change_from_baseline",NA,NA,NA,NA,NA,NA,NA,NA,NA
"Study 89306 (FDA)",3,2,40,88,-1.35195371756561,0.975606760804294,"change_from_baseline",NA,NA,NA,NA,NA,NA,NA,NA,NA
"Study 89306 (FDA)",3,3,40,97,-1.20877021347561,1.02246006767483,"change_from_baseline",NA,NA,NA,NA,NA,NA,NA,NA,NA
"Forest Laboratories 2000",3,1,1,125,-1.11061918183089,1.02844581216363,"change_from_baseline",NA,NA,NA,NA,NA,NA,NA,NA,NA
"Forest Laboratories 2000",3,2,40,119,-1.28911155033943,0.972800434887141,"change_from_baseline",NA,NA,NA,NA,NA,NA,NA,NA,NA
"Forest Laboratories 2000",3,3,41,124,-1.27919530764451,0.996648453719921,"change_from_baseline",NA,NA,NA,NA,NA,NA,NA,NA,NA
"Forest Laboratories 2010",3,1,1,215,-0.884744361883281,0.916780749015847,"change_from_baseline",NA,NA,NA,NA,NA,NA,NA,NA,NA
"Forest Laboratories 2010",3,2,41,319,-1.19700707784209,0.930324100989945,"change_from_baseline",NA,NA,NA,NA,NA,NA,NA,NA,NA
"Forest Laboratories 2010",3,3,41,318,-1.20741583504071,1.11472204709881,"change_from_baseline",NA,NA,NA,NA,NA,NA,NA,NA,NA
"Forest Research Institute 2005",3,1,1,132,-1.19374198456987,0.997321631846365,"change_from_baseline",NA,NA,NA,NA,NA,NA,NA,NA,NA
"Forest Research Institute 2005",3,2,41,131,-1.52105833517774,0.993463521084871,"change_from_baseline",NA,NA,NA,NA,NA,NA,NA,NA,NA
"Forest Research Institute 2005",3,3,44,135,-1.60770089857394,1.00889596413085,"change_from_baseline",NA,NA,NA,NA,NA,NA,NA,NA,NA
"Nierenberg 2007",3,1,1,137,-0.879136384655446,1.00099160441176,"change_from_baseline",NA,NA,NA,NA,NA,NA,NA,NA,NA
"Nierenberg 2007",3,2,41,274,-1.06321016703724,0.975929958940479,"change_from_baseline",NA,NA,NA,NA,NA,NA,NA,NA,NA
"Nierenberg 2007",3,3,51,273,-1.12064118714036,1.02310482100407,"change_from_baseline",NA,NA,NA,NA,NA,NA,NA,NA,NA
"Study 62b (FDA)",3,1,1,48,-0.648930858594894,0.989544072931744,"change_from_baseline",NA,NA,NA,NA,NA,NA,NA,NA,NA
"Study 62b (FDA)",3,2,42,97,-1.11538555308577,0.968952404362066,"change_from_baseline",NA,NA,NA,NA,NA,NA,NA,NA,NA
"Study 62b (FDA)",3,3,42,103,-0.821142738468055,1.03301537324551,"change_from_baseline",NA,NA,NA,NA,NA,NA,NA,NA,NA
"Wernicke 1988",3,1,1,77,-0.831902502180957,1.02504593746689,"change_from_baseline",NA,NA,NA,NA,NA,NA,NA,NA,NA
"Wernicke 1988",3,2,42,91,-1.1884321459728,1.00120765985138,"change_from_baseline",NA,NA,NA,NA,NA,NA,NA,NA,NA
"Wernicke 1988",3,3,42,92,-1.33104400348953,0.977369382235869,"change_from_baseline",NA,NA,NA,NA,NA,NA,NA,NA,NA
"Fava 1998a",3,1,1,19,-1.23022248865638,0.94958653614639,"change_from_baseline",NA,NA,NA,NA,NA,NA,NA,NA,NA
"Fava 1998a",3,2,42,54,-1.14537955840422,1.01360360599896,"change_from_baseline",NA,NA,NA,NA,NA,NA,NA,NA,NA
"Fava 1998a",3,3,43,55,-1.17719565724878,1.00293409435686,"change_from_baseline",NA,NA,NA,NA,NA,NA,NA,NA,NA
"MY-1045/BRL-029060/1 (PAR 128)",3,1,1,136,-1.02939946500336,0.987975968035767,"change_from_baseline",NA,NA,NA,NA,NA,NA,NA,NA,NA
"MY-1045/BRL-029060/1 (PAR 128)",3,2,42,344,-1.48691033833819,0.998279309533243,"change_from_baseline",NA,NA,NA,NA,NA,NA,NA,NA,NA
"MY-1045/BRL-029060/1 (PAR 128)",3,3,43,350,-1.34965707633774,1.00629301958684,"change_from_baseline",NA,NA,NA,NA,NA,NA,NA,NA,NA
"Stark 1985",3,1,1,169,-0.838252543426232,0.921323045649746,"change_from_baseline",NA,NA,NA,NA,NA,NA,NA,NA,NA
"Stark 1985",3,2,42,185,-1.12448511923031,1.0339291956736,"change_from_baseline",NA,NA,NA,NA,NA,NA,NA,NA,NA
"Stark 1985",3,3,48,185,-1.22671103916034,1.0339291956736,"change_from_baseline",NA,NA,NA,NA,NA,NA,NA,NA,NA
"Study F1J-MC-HMAQ - Study Group B",3,1,1,72,-1.02801689197085,1.01180962883982,"change_from_baseline",NA,NA,NA,NA,NA,NA,NA,NA,NA
"Study F1J-MC-HMAQ - Study Group B",3,2,42,37,-1.1047561810898,1.01762462670672,"change_from_baseline",NA,NA,NA,NA,NA,NA,NA,NA,NA
"Study F1J-MC-HMAQ - Study Group B",3,3,51,81,-1.15832889236152,0.981280890038621,"change_from_baseline",NA,NA,NA,NA,NA,NA,NA,NA,NA
"Golden 2002_448",3,1,1,101,-1.21494519826261,0.989125051150791,"change_from_baseline",NA,NA,NA,NA,NA,NA,NA,NA,NA
"Golden 2002_448",3,2,43,102,-1.55856606241769,0.99404607130577,"change_from_baseline",NA,NA,NA,NA,NA,NA,NA,NA,NA
"Golden 2002_448",3,3,43,104,-1.3622112829005,1.01619066200318,"change_from_baseline",NA,NA,NA,NA,NA,NA,NA,NA,NA
"Golden 2002_449",3,1,1,110,-1.24256181578778,0.998792528551961,"change_from_baseline",NA,NA,NA,NA,NA,NA,NA,NA,NA
"Golden 2002_449",3,2,43,108,-1.62020315195857,1.00245558183516,"change_from_baseline",NA,NA,NA,NA,NA,NA,NA,NA,NA
"Golden 2002_449",3,3,43,110,-1.47401940892472,0.998792528551961,"change_from_baseline",NA,NA,NA,NA,NA,NA,NA,NA,NA
"Higuchi 2011",3,1,1,171,-1.33955217822701,1.04651330072017,"change_from_baseline",NA,NA,NA,NA,NA,NA,NA,NA,NA
"Higuchi 2011",3,2,43,158,-1.6486796039717,0.98973576036051,"change_from_baseline",NA,NA,NA,NA,NA,NA,NA,NA,NA
"Higuchi 2011",3,3,43,83,-1.61003867575361,0.917473436266392,"change_from_baseline",NA,NA,NA,NA,NA,NA,NA,NA,NA
"29060 07 001",3,1,1,11,-1.03369487581498,0.910147366786391,"change_from_baseline",NA,NA,NA,NA,NA,NA,NA,NA,NA
"29060 07 001",3,2,43,12,-1.23929688136205,0.990926808220616,"change_from_baseline",NA,NA,NA,NA,NA,NA,NA,NA,NA
"29060 07 001",3,3,45,13,-1.26108879900067,1.0768403771979,"change_from_baseline",NA,NA,NA,NA,NA,NA,NA,NA,NA
"Fabre 1992",3,1,1,36,-0.374713291372562,0.998840611073507,"change_from_baseline",NA,NA,NA,NA,NA,NA,NA,NA,NA
"Fabre 1992",3,2,43,38,-1.11801710791879,1.00340648216284,"change_from_baseline",NA,NA,NA,NA,NA,NA,NA,NA,NA
"Fabre 1992",3,3,48,37,-0.933109568712065,0.997616620110478,"change_from_baseline",NA,NA,NA,NA,NA,NA,NA,NA,NA
"Eli Lilly HMAT-A",3,1,1,89,-0.74591846403547,1.00481016240146,"change_from_baseline",NA,NA,NA,NA,NA,NA,NA,NA,NA
"Eli Lilly HMAT-A",3,2,43,87,-1.15476917026412,1.00794041212857,"change_from_baseline",NA,NA,NA,NA,NA,NA,NA,NA,NA
"Eli Lilly HMAT-A",3,3,51,81,-0.984674792481969,0.986028664038817,"change_from_baseline",NA,NA,NA,NA,NA,NA,NA,NA,NA
"Higuchi 2009",3,1,1,145,-1.29753543321793,0.908584878433246,"change_from_baseline",NA,NA,NA,NA,NA,NA,NA,NA,NA
"Higuchi 2009",3,2,43,148,-1.46949796051187,1.08090270020507,"change_from_baseline",NA,NA,NA,NA,NA,NA,NA,NA,NA
"Higuchi 2009",3,3,51,74,-1.5632957026722,1.00257641758151,"change_from_baseline",NA,NA,NA,NA,NA,NA,NA,NA,NA
"VEN XR 367 (FDA)",3,1,1,81,-1.23189460687484,1.00285288347058,"change_from_baseline",NA,NA,NA,NA,NA,NA,NA,NA,NA
"VEN XR 367 (FDA)",3,2,43,80,-1.05886513537487,0.995305542861202,"change_from_baseline",NA,NA,NA,NA,NA,NA,NA,NA,NA
"VEN XR 367 (FDA)",3,3,52,75,-1.37577237393733,1.0019094658944,"change_from_baseline",NA,NA,NA,NA,NA,NA,NA,NA,NA
"Reimherr 1990",3,1,1,141,-1.01542564769226,0.978581430765692,"change_from_baseline",NA,NA,NA,NA,NA,NA,NA,NA,NA
"Reimherr 1990",3,2,44,142,-1.45096360932497,1.02719885216679,"change_from_baseline",NA,NA,NA,NA,NA,NA,NA,NA,NA
"Reimherr 1990",3,3,45,144,-1.57291423858213,0.993540637350645,"change_from_baseline",NA,NA,NA,NA,NA,NA,NA,NA,NA
"SER 315 (FDA)",3,1,1,73,-0.925079282913131,0.952109029402543,"change_from_baseline",NA,NA,NA,NA,NA,NA,NA,NA,NA
"SER 315 (FDA)",3,2,44,76,-1.0555391817855,0.537941601612437,"change_from_baseline",NA,NA,NA,NA,NA,NA,NA,NA,NA
"SER 315 (FDA)",3,3,45,70,-1.37575893356312,1.3674665934794,"change_from_baseline",NA,NA,NA,NA,NA,NA,NA,NA,NA
"Schweizer 1994",3,1,1,78,-1.07728743263515,1.01755604388505,"change_from_baseline",NA,NA,NA,NA,NA,NA,NA,NA,NA
"Schweizer 1994",3,2,48,71,-1.38357503603142,0.94335924901843,"change_from_baseline",NA,NA,NA,NA,NA,NA,NA,NA,NA
"Schweizer 1994",3,3,52,64,-1.647616073442,1.03875512813265,"change_from_baseline",NA,NA,NA,NA,NA,NA,NA,NA,NA
"Higuchi 2016",3,1,1,182,-1.22693411296345,1.00195628223826,"change_from_baseline",NA,NA,NA,NA,NA,NA,NA,NA,NA
"Higuchi 2016",3,2,52,172,-1.51265849543439,0.999976131482848,"change_from_baseline",NA,NA,NA,NA,NA,NA,NA,NA,NA
"Higuchi 2016",3,3,52,176,-1.48794185335213,0.997995980727437,"change_from_baseline",NA,NA,NA,NA,NA,NA,NA,NA,NA
"VEN 600A-313 (FDA)",3,1,1,75,-1.13478681286505,0.983875059540032,"change_from_baseline",NA,NA,NA,NA,NA,NA,NA,NA,NA
"VEN 600A-313 (FDA)",3,2,52,72,-1.3057820860365,0.795498981067124,"change_from_baseline",NA,NA,NA,NA,NA,NA,NA,NA,NA
"VEN 600A-313 (FDA)",3,3,52,77,-1.41459725987288,1.17225113801294,"change_from_baseline",NA,NA,NA,NA,NA,NA,NA,NA,NA
"Wright 2005",3,1,4,15,-0.303349773108541,0.894180894095618,"change_from_baseline",NA,NA,NA,NA,NA,NA,NA,NA,NA
"Wright 2005",3,2,11,15,-1.32515953515836,1.07301707291474,"change_from_baseline",NA,NA,NA,NA,NA,NA,NA,NA,NA
"Wright 2005",3,3,25,15,-1.19743331490213,1.02424356960044,"change_from_baseline",NA,NA,NA,NA,NA,NA,NA,NA,NA
"Fava 2002a",3,1,42,88,-1.46296004600549,0.973726589949807,"change_from_baseline",NA,NA,NA,NA,NA,NA,NA,NA,NA
"Fava 2002a",3,2,43,93,-1.57000590303028,0.975004446367064,"change_from_baseline",NA,NA,NA,NA,NA,NA,NA,NA,NA
"Fava 2002a",3,3,44,96,-1.64774158491733,1.04656440573345,"change_from_baseline",NA,NA,NA,NA,NA,NA,NA,NA,NA
"Qu 2013",3,1,43,43,-1.99372144712948,0.815982576104404,"change_from_baseline",NA,NA,NA,NA,NA,NA,NA,NA,NA
"Qu 2013",3,2,95,49,-2.77003776282592,0.904676334376621,"change_from_baseline",NA,NA,NA,NA,NA,NA,NA,NA,NA
"Qu 2013",3,3,97,51,-2.48774092075448,1.20623511250216,"change_from_baseline",NA,NA,NA,NA,NA,NA,NA,NA,NA
"Whitmyer 2007",3,1,51,202,-1.15407158983334,0.995347421965832,"change_from_baseline",NA,NA,NA,NA,NA,NA,NA,NA,NA
"Whitmyer 2007",3,2,51,195,-1.15873136745043,0.998457882659475,"change_from_baseline",NA,NA,NA,NA,NA,NA,NA,NA,NA
"Whitmyer 2007",3,3,51,198,-1.28299210390624,1.00623403439358,"change_from_baseline",NA,NA,NA,NA,NA,NA,NA,NA,NA
"Perahia 2008a_study 2",3,1,51,159,-1.52680624208627,1.0033320223044,"change_from_baseline",NA,NA,NA,NA,NA,NA,NA,NA,NA
"Perahia 2008a_study 2",3,2,52,166,-1.52254934735927,1.0075954728241,"change_from_baseline",NA,NA,NA,NA,NA,NA,NA,NA,NA
"Perahia 2008a_study 2",3,3,52,166,-1.56369932972033,0.989120520572039,"change_from_baseline",NA,NA,NA,NA,NA,NA,NA,NA,NA
"Saloheimo 2016",3,1,53,34,-1.72806073978327,1.00422534029321,"change_from_baseline",NA,NA,NA,NA,NA,NA,NA,NA,NA
"Saloheimo 2016",3,2,78,38,-1.41669844432682,1.00422534029321,"change_from_baseline",NA,NA,NA,NA,NA,NA,NA,NA,NA
"Saloheimo 2016",3,3,84,27,-1.29215352614424,0.988534319351124,"change_from_baseline",NA,NA,NA,NA,NA,NA,NA,NA,NA
"Legrand 2016",3,1,53,10,-0.744534500119552,1.18962157811865,"change_from_baseline",NA,NA,NA,NA,NA,NA,NA,NA,NA
"Legrand 2016",3,2,87,14,-2.00013792387811,0.772064404199007,"change_from_baseline",NA,NA,NA,NA,NA,NA,NA,NA,NA
"Legrand 2016",3,3,89,11,-1.09066754385688,1.07303866346303,"change_from_baseline",NA,NA,NA,NA,NA,NA,NA,NA,NA
"Khan 1995",2,1,1,26,-0.780367412626911,1.01868661517114,"change_from_baseline",NA,NA,NA,NA,NA,NA,NA,NA,NA
"Khan 1995",2,2,6,26,-1.48641411928936,0.980957481275909,"change_from_baseline",NA,NA,NA,NA,NA,NA,NA,NA,NA
"MIR 003-003 (FDA)",2,1,1,45,-1.0380032577513,0.963671323835137,"change_from_baseline",NA,NA,NA,NA,NA,NA,NA,NA,NA
"MIR 003-003 (FDA)",2,2,6,45,-1.22673112279699,1.03505438485996,"change_from_baseline",NA,NA,NA,NA,NA,NA,NA,NA,NA
"Sheehan 2009a",2,1,1,204,-1.15303966654134,0.981286626215194,"change_from_baseline",NA,NA,NA,NA,NA,NA,NA,NA,NA
"Sheehan 2009a",2,2,7,202,-1.41340346221197,1.01855067531197,"change_from_baseline",NA,NA,NA,NA,NA,NA,NA,NA,NA
"Zhang 2014",2,1,1,180,-1.2727330881177,1,"change_from_baseline",NA,NA,NA,NA,NA,NA,NA,NA,NA
"Zhang 2014",2,2,7,183,-1.69953622261315,1,"change_from_baseline",NA,NA,NA,NA,NA,NA,NA,NA,NA
"Mathews 2015",2,1,1,281,-1.35141433507007,1.00099274757369,"change_from_baseline",NA,NA,NA,NA,NA,NA,NA,NA,NA
"Mathews 2015",2,2,40,280,-1.57996234761868,0.999002702349888,"change_from_baseline",NA,NA,NA,NA,NA,NA,NA,NA,NA
"Bose 2008",2,1,1,134,-1.02393930692256,1.00945517271342,"change_from_baseline",NA,NA,NA,NA,NA,NA,NA,NA,NA
"Bose 2008",2,2,41,129,-1.16883637865688,0.99007983350587,"change_from_baseline",NA,NA,NA,NA,NA,NA,NA,NA,NA
"Clayton 2006_study 1",2,1,1,130,-1.50333075760041,0.994312806882892,"change_from_baseline",NA,NA,NA,NA,NA,NA,NA,NA,NA
"Clayton 2006_study 1",2,2,41,133,-1.76423940148148,1.00552686109586,"change_from_baseline",NA,NA,NA,NA,NA,NA,NA,NA,NA
"Clayton 2006_study 2",2,1,1,126,-1.48900825632771,0.986377546193348,"change_from_baseline",NA,NA,NA,NA,NA,NA,NA,NA,NA
"Clayton 2006_study 2",2,2,41,133,-1.61413500055693,1.01273114475577,"change_from_baseline",NA,NA,NA,NA,NA,NA,NA,NA,NA
"Dube 2010",2,1,1,122,-1.46524933223446,1.00068906707227,"change_from_baseline",NA,NA,NA,NA,NA,NA,NA,NA,NA
"Dube 2010",2,2,41,54,-1.69067230642438,0.998425064658075,"change_from_baseline",NA,NA,NA,NA,NA,NA,NA,NA,NA
"Forest Research Institute 2003",2,1,1,151,-0.941473351031284,0.997702118978315,"change_from_baseline",NA,NA,NA,NA,NA,NA,NA,NA,NA
"Forest Research Institute 2003",2,2,41,143,-1.25215955687161,1.00242161812202,"change_from_baseline",NA,NA,NA,NA,NA,NA,NA,NA,NA
"Kasper 2012",2,1,1,71,-1.31171533037031,0.910720719276329,"change_from_baseline",NA,NA,NA,NA,NA,NA,NA,NA,NA
"Kasper 2012",2,2,41,139,-1.85989487142059,1.04236751149103,"change_from_baseline",NA,NA,NA,NA,NA,NA,NA,NA,NA
"NCT01020799",2,1,1,94,-1.08852329747939,0.972972101649337,"change_from_baseline",NA,NA,NA,NA,NA,NA,NA,NA,NA
"NCT01020799",2,2,41,49,-1.11229018170383,1.05038933174128,"change_from_baseline",NA,NA,NA,NA,NA,NA,NA,NA,NA
"Andreoli 2002/Dubini 1997/Massana 1998_study 1",2,1,1,128,-1.89064735539676,0.985621632646778,"change_from_baseline",NA,NA,NA,NA,NA,NA,NA,NA,NA
"Andreoli 2002/Dubini 1997/Massana 1998_study 1",2,2,42,127,-2.92390811939267,1.01428624388706,"change_from_baseline",NA,NA,NA,NA,NA,NA,NA,NA,NA
"Bjerkenstedt 2005",2,1,1,55,-1.28219786775345,0.931844346118231,"change_from_baseline",NA,NA,NA,NA,NA,NA,NA,NA,NA
"Bjerkenstedt 2005",2,2,42,54,-1.17644959000059,1.06496496699226,"change_from_baseline",NA,NA,NA,NA,NA,NA,NA,NA,NA
"FDA 244 (EMD 68 843-009)",2,1,1,95,-1.21715811170237,1.02507229671174,"change_from_baseline",NA,NA,NA,NA,NA,NA,NA,NA,NA
"FDA 244 (EMD 68 843-009)",2,2,42,89,-1.19098266843995,0.972504486623956,"change_from_baseline",NA,NA,NA,NA,NA,NA,NA,NA,NA
"FDA 245 (EMD 68 843-010)",2,1,1,99,-1.29888051941738,1.01767993137184,"change_from_baseline",NA,NA,NA,NA,NA,NA,NA,NA,NA
"FDA 245 (EMD 68 843-010)",2,2,42,92,-1.41348762407185,0.980603652465078,"change_from_baseline",NA,NA,NA,NA,NA,NA,NA,NA,NA
"Sramek 1995",2,1,1,70,-0.979298111535981,1.03073437981557,"change_from_baseline",NA,NA,NA,NA,NA,NA,NA,NA,NA
"Sramek 1995",2,2,42,72,-1.31593183737647,0.969197998931055,"change_from_baseline",NA,NA,NA,NA,NA,NA,NA,NA,NA
"Tollefson 1993/1995",2,1,1,329,-0.869380849101512,0.965578815107886,"change_from_baseline",NA,NA,NA,NA,NA,NA,NA,NA,NA
"Tollefson 1993/1995",2,2,42,326,-1.1003101371441,1.03357732321408,"change_from_baseline",NA,NA,NA,NA,NA,NA,NA,NA,NA
"WELL AK1A4006",2,1,1,148,-1.18006222574052,0.94357362737897,"change_from_baseline",NA,NA,NA,NA,NA,NA,NA,NA,NA
"WELL AK1A4006",2,2,42,146,-1.34449712604862,1.05412593315616,"change_from_baseline",NA,NA,NA,NA,NA,NA,NA,NA,NA
"Baune 2018",2,1,1,48,-0.93564263011445,0.98766363691379,"change_from_baseline",NA,NA,NA,NA,NA,NA,NA,NA,NA
"Baune 2018",2,2,43,52,-1.86660704707833,1.01123556142247,"change_from_baseline",NA,NA,NA,NA,NA,NA,NA,NA,NA
"Claghorn 1992a",2,1,1,27,-0.483295740157819,0.997676474184916,"change_from_baseline",NA,NA,NA,NA,NA,NA,NA,NA,NA
"Claghorn 1992a",2,2,43,32,-1.12874299226401,1.00194460883384,"change_from_baseline",NA,NA,NA,NA,NA,NA,NA,NA,NA
"Claghorn 1992b",2,1,1,27,-0.651492269379637,0.999345784697556,"change_from_baseline",NA,NA,NA,NA,NA,NA,NA,NA,NA
"Claghorn 1992b",2,2,43,32,-1.35757223346139,1.00054836686927,"change_from_baseline",NA,NA,NA,NA,NA,NA,NA,NA,NA
"Keller 2006_Study 062",2,1,1,154,-1.65072848940918,1.04836848031281,"change_from_baseline",NA,NA,NA,NA,NA,NA,NA,NA,NA
"Keller 2006_Study 062",2,2,43,161,-2.03393331730774,0.951450537375209,"change_from_baseline",NA,NA,NA,NA,NA,NA,NA,NA,NA
"M/2020/0046 (Study 046)",2,1,1,247,-1.35885405451309,1,"change_from_baseline",NA,NA,NA,NA,NA,NA,NA,NA,NA
"M/2020/0046 (Study 046)",2,2,43,243,-1.47701527664466,1,"change_from_baseline",NA,NA,NA,NA,NA,NA,NA,NA,NA
"M/2020/0046 (Study 047)",2,1,1,239,-1.35204674957748,0.974732924414594,"change_from_baseline",NA,NA,NA,NA,NA,NA,NA,NA,NA
"M/2020/0046 (Study 047)",2,2,43,242,-1.57961897475388,1.0243410649969,"change_from_baseline",NA,NA,NA,NA,NA,NA,NA,NA,NA
"Miller 1989a",2,1,1,22,-0.916802875489428,1.08568761571117,"change_from_baseline",NA,NA,NA,NA,NA,NA,NA,NA,NA
"Miller 1989a",2,2,43,19,-0.887228589183318,0.889660685096649,"change_from_baseline",NA,NA,NA,NA,NA,NA,NA,NA,NA
"MY-1042/BRL-029060/CPMS-251",2,1,1,123,-1.0800819475057,0.992840782927623,"change_from_baseline",NA,NA,NA,NA,NA,NA,NA,NA,NA
"MY-1042/BRL-029060/CPMS-251",2,2,43,120,-1.33930161490706,1.00728687897551,"change_from_baseline",NA,NA,NA,NA,NA,NA,NA,NA,NA
"NKD20006 (NCT00048204)",2,1,1,118,-1.38407045791332,0.99363758020355,"change_from_baseline",NA,NA,NA,NA,NA,NA,NA,NA,NA
"NKD20006 (NCT00048204)",2,2,43,117,-1.40946624613191,1.00637652353949,"change_from_baseline",NA,NA,NA,NA,NA,NA,NA,NA,NA
"PAR 01 001 (GSK & FDA)",2,1,1,21,-1.4024555350111,1,"change_from_baseline",NA,NA,NA,NA,NA,NA,NA,NA,NA
"PAR 01 001 (GSK & FDA)",2,2,43,22,-1.65373397597073,1,"change_from_baseline",NA,NA,NA,NA,NA,NA,NA,NA,NA
"Rapaport 2009",2,1,1,178,-1.10251171212228,0.9987686462826,"change_from_baseline",NA,NA,NA,NA,NA,NA,NA,NA,NA
"Rapaport 2009",2,2,43,173,-1.50863467048596,1.00126556789831,"change_from_baseline",NA,NA,NA,NA,NA,NA,NA,NA,NA
"Binnemann 2008",2,1,1,31,-1.32417082222281,0.997406037951895,"change_from_baseline",NA,NA,NA,NA,NA,NA,NA,NA,NA
"Binnemann 2008",2,2,44,30,-1.74561615267486,1.00267634726736,"change_from_baseline",NA,NA,NA,NA,NA,NA,NA,NA,NA
"Kranzler 2006_Group A",2,1,1,100,-1.32476556747171,1.08071223334323,"change_from_baseline",NA,NA,NA,NA,NA,NA,NA,NA,NA
"Kranzler 2006_Group A",2,2,44,89,-1.49036126340568,0.900593527786024,"change_from_baseline",NA,NA,NA,NA,NA,NA,NA,NA,NA
"Mundt 2012",2,1,1,50,-1.72865108610032,1.07411098959037,"change_from_baseline",NA,NA,NA,NA,NA,NA,NA,NA,NA
"Mundt 2012",2,2,44,55,-2.16485276203217,0.927641309191684,"change_from_baseline",NA,NA,NA,NA,NA,NA,NA,NA,NA
"Carman 1991",2,1,1,48,-0.958762886597938,1,"change_from_baseline",NA,NA,NA,NA,NA,NA,NA,NA,NA
"Carman 1991",2,2,45,48,-1.72577319587629,1,"change_from_baseline",NA,NA,NA,NA,NA,NA,NA,NA,NA
"Katz 1993_Protocol 01",2,1,1,104,-1.02695763799743,1,"change_from_baseline",NA,NA,NA,NA,NA,NA,NA,NA,NA
"Katz 1993_Protocol 01",2,2,45,93,-1.7586649550706,1,"change_from_baseline",NA,NA,NA,NA,NA,NA,NA,NA,NA
"Katz 1993_Protocol 03",2,1,1,94,-1.11663147435101,1,"change_from_baseline",NA,NA,NA,NA,NA,NA,NA,NA,NA
"Katz 1993_Protocol 03",2,2,45,95,-1.65569494472736,1,"change_from_baseline",NA,NA,NA,NA,NA,NA,NA,NA,NA
"Spring 1992",2,1,1,15,-1.42105961551196,1.13038833052088,"change_from_baseline",NA,NA,NA,NA,NA,NA,NA,NA,NA
"Spring 1992",2,2,45,10,-2.02835004949143,0.753592220347252,"change_from_baseline",NA,NA,NA,NA,NA,NA,NA,NA,NA
"Philipp 1999",2,1,1,46,-1.64234990063777,1.00950226330524,"change_from_baseline",NA,NA,NA,NA,NA,NA,NA,NA,NA
"Philipp 1999",2,2,48,105,-1.92738583380631,0.995860340828143,"change_from_baseline",NA,NA,NA,NA,NA,NA,NA,NA,NA
"Silverstone 1994",2,1,1,69,-2.45332825958013,1.01018315954345,"change_from_baseline",NA,NA,NA,NA,NA,NA,NA,NA,NA
"Silverstone 1994",2,2,48,66,-2.73106353424958,0.989234660843243,"change_from_baseline",NA,NA,NA,NA,NA,NA,NA,NA,NA
"White 1984",2,1,1,45,-1.97644732723881,1.03245978744283,"change_from_baseline",NA,NA,NA,NA,NA,NA,NA,NA,NA
"White 1984",2,2,50,40,-1.36026080757024,0.962064801935364,"change_from_baseline",NA,NA,NA,NA,NA,NA,NA,NA,NA
"Baldwin 2012",2,1,1,145,-1.52166086378699,0.992659534690464,"change_from_baseline",NA,NA,NA,NA,NA,NA,NA,NA,NA
"Baldwin 2012",2,2,51,149,-1.72729071024469,1.00709072211068,"change_from_baseline",NA,NA,NA,NA,NA,NA,NA,NA,NA
"Boulenger 2014",2,1,1,158,-1.23753308703506,1.01264007895974,"change_from_baseline",NA,NA,NA,NA,NA,NA,NA,NA,NA
"Boulenger 2014",2,2,51,146,-2.237079041948,0.986131176369174,"change_from_baseline",NA,NA,NA,NA,NA,NA,NA,NA,NA
"Brannan 2005",2,1,1,136,-1.30138406135915,0.992461053345109,"change_from_baseline",NA,NA,NA,NA,NA,NA,NA,NA,NA
"Brannan 2005",2,2,51,132,-1.37487994797924,1.00771013483057,"change_from_baseline",NA,NA,NA,NA,NA,NA,NA,NA,NA
"Katona 2012",2,1,1,145,-1.06290896705295,0.996347270114756,"change_from_baseline",NA,NA,NA,NA,NA,NA,NA,NA,NA
"Katona 2012",2,2,51,147,-1.63048171645016,1.00358966979368,"change_from_baseline",NA,NA,NA,NA,NA,NA,NA,NA,NA
"Mahableshwarkar 2013",2,1,1,149,-1.13652872923211,1.00702866476232,"change_from_baseline",NA,NA,NA,NA,NA,NA,NA,NA,NA
"Mahableshwarkar 2013",2,2,51,149,-1.45800399835776,0.992921582174052,"change_from_baseline",NA,NA,NA,NA,NA,NA,NA,NA,NA
"Robinson 2014",2,1,1,95,-0.961793283641057,1.01280512460555,"change_from_baseline",NA,NA,NA,NA,NA,NA,NA,NA,NA
"Robinson 2014",2,2,51,201,-0.998112750296034,0.993924602975088,"change_from_baseline",NA,NA,NA,NA,NA,NA,NA,NA,NA
"Guelfi 1995",2,1,1,47,-0.460761988278585,1.0647121638868,"change_from_baseline",NA,NA,NA,NA,NA,NA,NA,NA,NA
"Guelfi 1995",2,2,52,46,-1.36308754865748,0.929203343028479,"change_from_baseline",NA,NA,NA,NA,NA,NA,NA,NA,NA
"Hewett 2010",2,1,1,186,-1.24288225914923,1.00383677499815,"change_from_baseline",NA,NA,NA,NA,NA,NA,NA,NA,NA
"Hewett 2010",2,2,52,193,-1.60068169738917,0.99628913007335,"change_from_baseline",NA,NA,NA,NA,NA,NA,NA,NA,NA
"Mendels 1993",2,1,1,75,-1.12414045414187,0.963494200914964,"change_from_baseline",NA,NA,NA,NA,NA,NA,NA,NA,NA
"Mendels 1993",2,2,52,77,-1.57998848255458,1.03430780588199,"change_from_baseline",NA,NA,NA,NA,NA,NA,NA,NA,NA
"VEN 600A-303 (FDA)",2,1,1,79,-1.16439148659758,1,"change_from_baseline",NA,NA,NA,NA,NA,NA,NA,NA,NA
"VEN 600A-303 (FDA)",2,2,52,69,-1.19382504288165,1,"change_from_baseline",NA,NA,NA,NA,NA,NA,NA,NA,NA
"Hatcher 2018",2,1,3,22,-0.980481150318231,1.05466561385571,"change_from_baseline",NA,NA,NA,NA,NA,NA,NA,NA,NA
"Hatcher 2018",2,2,25,22,-1.29810180464667,0.942167948377765,"change_from_baseline",NA,NA,NA,NA,NA,NA,NA,NA,NA
"E-1569",2,1,6,72,-1.71784448831552,1.06166923708896,"change_from_baseline",NA,NA,NA,NA,NA,NA,NA,NA,NA
"E-1569",2,2,43,72,-2.11210387907646,0.934268928638289,"change_from_baseline",NA,NA,NA,NA,NA,NA,NA,NA,NA
"Mullin 1996",2,1,6,71,-1.6306188963,1.02630182420075,"change_from_baseline",NA,NA,NA,NA,NA,NA,NA,NA,NA
"Mullin 1996",2,2,45,71,-1.72341834568293,0.97298744372279,"change_from_baseline",NA,NA,NA,NA,NA,NA,NA,NA,NA
"Kang 2009",2,1,6,73,-1.30072793510648,1.18869877606149,"change_from_baseline",NA,NA,NA,NA,NA,NA,NA,NA,NA
"Kang 2009",2,2,52,53,-1.18149454105506,0.654329601501738,"change_from_baseline",NA,NA,NA,NA,NA,NA,NA,NA,NA
"Beasley 1991a",2,1,7,57,-1.85601101934336,1.0347406941912,"change_from_baseline",NA,NA,NA,NA,NA,NA,NA,NA,NA
"Beasley 1991a",2,2,42,63,-1.62901686589849,0.967549740022938,"change_from_baseline",NA,NA,NA,NA,NA,NA,NA,NA,NA
"Zhao 2006",2,1,7,55,-1.48366041958877,1.07668290750352,"change_from_baseline",NA,NA,NA,NA,NA,NA,NA,NA,NA
"Zhao 2006",2,2,42,58,-1.99427082373296,0.921485371286797,"change_from_baseline",NA,NA,NA,NA,NA,NA,NA,NA,NA
"Kasper 2005b",2,1,7,55,-2.94671796846357,0.993998322933438,"change_from_baseline",NA,NA,NA,NA,NA,NA,NA,NA,NA
"Kasper 2005b",2,2,43,53,-3.02744996759956,1.00619462137434,"change_from_baseline",NA,NA,NA,NA,NA,NA,NA,NA,NA
"Tsutsui 2000",2,1,7,105,-1.05055975006509,1,"change_from_baseline",NA,NA,NA,NA,NA,NA,NA,NA,NA
"Tsutsui 2000",2,2,43,106,-1.31049205935954,1,"change_from_baseline",NA,NA,NA,NA,NA,NA,NA,NA,NA
"Munizza 2006",2,1,7,62,-1.47375305417326,1.04163320664739,"change_from_baseline",NA,NA,NA,NA,NA,NA,NA,NA,NA
"Munizza 2006",2,2,44,59,-1.31381086224748,0.954255586663725,"change_from_baseline",NA,NA,NA,NA,NA,NA,NA,NA,NA
"Fagiolini 2020",2,1,7,165,-1.92175335369779,1.01842347807261,"change_from_baseline",NA,NA,NA,NA,NA,NA,NA,NA,NA
"Fagiolini 2020",2,2,52,152,-2.18990498444632,0.979597949583036,"change_from_baseline",NA,NA,NA,NA,NA,NA,NA,NA,NA
"Salminen 2008",2,1,29,26,-1.92902599793489,1.14700324252208,"change_from_baseline",NA,NA,NA,NA,NA,NA,NA,NA,NA
"Salminen 2008",2,2,42,25,-1.96409919789734,0.819288030372914,"change_from_baseline",NA,NA,NA,NA,NA,NA,NA,NA,NA
"Cornelius 1997",2,1,37,26,-0.169240372880846,1.14303361215228,"change_from_baseline",NA,NA,NA,NA,NA,NA,NA,NA,NA
"Cornelius 1997",2,2,81,25,-0.507721118642538,0.825046817794124,"change_from_baseline",NA,NA,NA,NA,NA,NA,NA,NA,NA
"Li 2006",2,1,40,28,-1.53947283757559,0.99352771035646,"change_from_baseline",NA,NA,NA,NA,NA,NA,NA,NA,NA
"Li 2006",2,2,41,28,-1.92116031796623,1.00643066763382,"change_from_baseline",NA,NA,NA,NA,NA,NA,NA,NA,NA
"Ou 2011",2,1,40,117,-1.75116173986959,0.954835318338327,"change_from_baseline",NA,NA,NA,NA,NA,NA,NA,NA,NA
"Ou 2011",2,2,41,115,-1.86536794029586,1.04395328138324,"change_from_baseline",NA,NA,NA,NA,NA,NA,NA,NA,NA
"Yevtushenko 2007",2,1,40,108,-3.09514353083696,1,"change_from_baseline",NA,NA,NA,NA,NA,NA,NA,NA,NA
"Yevtushenko 2007",2,2,41,108,-3.52642395137041,1,"change_from_baseline",NA,NA,NA,NA,NA,NA,NA,NA,NA
"Forest Research Institute 2004a",2,1,41,96,-1.98569269413076,0.925842481955298,"change_from_baseline",NA,NA,NA,NA,NA,NA,NA,NA,NA
"Forest Research Institute 2004a",2,2,42,98,-1.94475057672601,1.0676474347964,"change_from_baseline",NA,NA,NA,NA,NA,NA,NA,NA,NA
"Kennedy 2005",2,1,41,96,-1.86226246804495,0.933596696388878,"change_from_baseline",NA,NA,NA,NA,NA,NA,NA,NA,NA
"Kennedy 2005",2,2,42,98,-1.94529327872211,1.06101359245216,"change_from_baseline",NA,NA,NA,NA,NA,NA,NA,NA,NA
"Mao 2008",2,1,41,118,-2.28088898988209,0.886888732294086,"change_from_baseline",NA,NA,NA,NA,NA,NA,NA,NA,NA
"Mao 2008",2,2,42,113,-2.21540892318691,1.10587360446547,"change_from_baseline",NA,NA,NA,NA,NA,NA,NA,NA,NA
"Ventura 2007",2,1,41,104,-2.05830034033393,0.992844442129084,"change_from_baseline",NA,NA,NA,NA,NA,NA,NA,NA,NA
"Ventura 2007",2,2,44,107,-1.98286524932693,1.00690433074311,"change_from_baseline",NA,NA,NA,NA,NA,NA,NA,NA,NA
"Khan 2007",2,1,41,110,-2.16628886861522,0.973992331828853,"change_from_baseline",NA,NA,NA,NA,NA,NA,NA,NA,NA
"Khan 2007",2,2,51,91,-2.17757162313926,1.03061979298169,"change_from_baseline",NA,NA,NA,NA,NA,NA,NA,NA,NA
"Bielski 2004",2,1,41,97,-1.59107787471586,1.0347244109081,"change_from_baseline",NA,NA,NA,NA,NA,NA,NA,NA,NA
"Bielski 2004",2,2,52,98,-1.3609219557318,0.964403334438621,"change_from_baseline",NA,NA,NA,NA,NA,NA,NA,NA,NA
"Lam 2013",2,1,41,51,-1.6603412974333,0.971223463265862,"change_from_baseline",NA,NA,NA,NA,NA,NA,NA,NA,NA
"Lam 2013",2,2,73,48,-1.82289219368551,1.029730900812,"change_from_baseline",NA,NA,NA,NA,NA,NA,NA,NA,NA
"Chouinard 1999",2,1,42,98,-1.34516206636195,0.994885405466013,"change_from_baseline",NA,NA,NA,NA,NA,NA,NA,NA,NA
"Chouinard 1999",2,2,43,100,-1.26689147251409,1.00498602386935,"change_from_baseline",NA,NA,NA,NA,NA,NA,NA,NA,NA
"DeWilde 1993",2,1,42,41,-1.4957548076673,1.03735581761086,"change_from_baseline",NA,NA,NA,NA,NA,NA,NA,NA,NA
"DeWilde 1993",2,2,43,37,-1.72510387817629,0.956784491971183,"change_from_baseline",NA,NA,NA,NA,NA,NA,NA,NA,NA
"Ontiveros 1997",2,1,42,52,-1.74464385670455,1.06307581869111,"change_from_baseline",NA,NA,NA,NA,NA,NA,NA,NA,NA
"Ontiveros 1997",2,2,43,58,-1.82243052547481,0.939982829158454,"change_from_baseline",NA,NA,NA,NA,NA,NA,NA,NA,NA
"Beasley 1993b",2,1,42,65,-1.26869280819687,0.979138465147566,"change_from_baseline",NA,NA,NA,NA,NA,NA,NA,NA,NA
"Beasley 1993b",2,2,45,71,-1.14084004458013,1.01869961525454,"change_from_baseline",NA,NA,NA,NA,NA,NA,NA,NA,NA
"Preskorn 1991",2,1,42,29,-1.42970864891944,1.11865947699455,"change_from_baseline",NA,NA,NA,NA,NA,NA,NA,NA,NA
"Preskorn 1991",2,2,45,31,-1.11828696301619,0.874849078162401,"change_from_baseline",NA,NA,NA,NA,NA,NA,NA,NA,NA
"Versiani 1999",2,1,42,77,-2.23170523654894,0.986223389586432,"change_from_baseline",NA,NA,NA,NA,NA,NA,NA,NA,NA
"Versiani 1999",2,2,45,79,-2.43336534828529,1.01324320847921,"change_from_baseline",NA,NA,NA,NA,NA,NA,NA,NA,NA
"Tollefson 1994",2,1,42,62,-1.3487408709417,0.909351696872518,"change_from_baseline",NA,NA,NA,NA,NA,NA,NA,NA,NA
"Tollefson 1994",2,2,48,60,-1.22735419255694,1.08579307089256,"change_from_baseline",NA,NA,NA,NA,NA,NA,NA,NA,NA
"Akhondzadeh 2003",2,1,42,17,-1.71655416256942,1.15570547879643,"change_from_baseline",NA,NA,NA,NA,NA,NA,NA,NA,NA
"Akhondzadeh 2003",2,2,50,20,-2.07170329965275,0.846961054858036,"change_from_baseline",NA,NA,NA,NA,NA,NA,NA,NA,NA
"Hashemi 2012",2,1,42,48,-3.49041476502786,1.02892621121819,"change_from_baseline",NA,NA,NA,NA,NA,NA,NA,NA,NA
"Hashemi 2012",2,2,50,49,-2.7042482318671,0.970841667036522,"change_from_baseline",NA,NA,NA,NA,NA,NA,NA,NA,NA
"DeNayer 2002",2,1,42,67,-1.27222818363995,1.05819911082883,"change_from_baseline",NA,NA,NA,NA,NA,NA,NA,NA,NA
"DeNayer 2002",2,2,52,64,-1.76154671580917,0.935152702592919,"change_from_baseline",NA,NA,NA,NA,NA,NA,NA,NA,NA
"29060/299",2,1,43,102,-1.60291143976979,1.0520074452258,"change_from_baseline",NA,NA,NA,NA,NA,NA,NA,NA,NA
"29060/299",2,2,45,100,-1.61299969358652,0.943993846571597,"change_from_baseline",NA,NA,NA,NA,NA,NA,NA,NA,NA
"Miura 2000",2,1,43,102,-0.811981566891086,1.01855082114419,"change_from_baseline",NA,NA,NA,NA,NA,NA,NA,NA,NA
"Miura 2000",2,2,45,114,-0.935543979244078,0.983122966495695,"change_from_baseline",NA,NA,NA,NA,NA,NA,NA,NA,NA
"MDF/29060/III/070/88/MC",2,1,43,24,-2.33134436094068,1.01962909332324,"change_from_baseline",NA,NA,NA,NA,NA,NA,NA,NA,NA
"MDF/29060/III/070/88/MC",2,2,47,20,-1.74850827070551,0.975710261596863,"change_from_baseline",NA,NA,NA,NA,NA,NA,NA,NA,NA
"Chiu 1996",2,1,43,15,-2.24438281755208,1.03916899707066,"change_from_baseline",NA,NA,NA,NA,NA,NA,NA,NA,NA
"Chiu 1996",2,2,48,15,-1.69995332220529,0.959232920372918,"change_from_baseline",NA,NA,NA,NA,NA,NA,NA,NA,NA
"GSK_29060/103",2,1,43,45,-1.72092683983394,1.04736507351929,"change_from_baseline",NA,NA,NA,NA,NA,NA,NA,NA,NA
"GSK_29060/103",2,2,49,36,-1.65324994163822,0.937064744248385,"change_from_baseline",NA,NA,NA,NA,NA,NA,NA,NA,NA
"Hao 2014",2,1,43,132,-1.7443089249663,1.03507302963678,"change_from_baseline",NA,NA,NA,NA,NA,NA,NA,NA,NA
"Hao 2014",2,2,51,127,-2.00595526371125,0.962180562760952,"change_from_baseline",NA,NA,NA,NA,NA,NA,NA,NA,NA
"Owens 2008",2,1,43,40,-1.88076383368476,0.976712885647147,"change_from_baseline",NA,NA,NA,NA,NA,NA,NA,NA,NA
"Owens 2008",2,2,52,41,-1.94833618699079,1.02219427729544,"change_from_baseline",NA,NA,NA,NA,NA,NA,NA,NA,NA
"Cohn 1990b",2,1,44,121,-1.70688366451831,1,"change_from_baseline",NA,NA,NA,NA,NA,NA,NA,NA,NA
"Cohn 1990b",2,2,45,64,-1.82238707038797,1,"change_from_baseline",NA,NA,NA,NA,NA,NA,NA,NA,NA
"Moller 1998",2,1,44,62,-1.44553307045397,0.994772298531033,"change_from_baseline",NA,NA,NA,NA,NA,NA,NA,NA,NA
"Moller 1998",2,2,45,59,-1.75377173988901,1.00546877485932,"change_from_baseline",NA,NA,NA,NA,NA,NA,NA,NA,NA
"Moller 2000",2,1,44,100,-1.92321459104422,1.00714186397128,"change_from_baseline",NA,NA,NA,NA,NA,NA,NA,NA,NA
"Moller 2000",2,2,45,105,-2.13225965528815,0.993153782527237,"change_from_baseline",NA,NA,NA,NA,NA,NA,NA,NA,NA
"Forlenza 2001",2,1,44,27,-1.39700598578415,1.06308985897701,"change_from_baseline",NA,NA,NA,NA,NA,NA,NA,NA,NA
"Forlenza 2001",2,2,48,28,-1.32473185907481,0.935232962565143,"change_from_baseline",NA,NA,NA,NA,NA,NA,NA,NA,NA
"Sir 2005",2,1,44,79,-1.88483712544434,1.00534589024563,"change_from_baseline",NA,NA,NA,NA,NA,NA,NA,NA,NA
"Sir 2005",2,2,52,79,-1.69516798074554,0.994625377197983,"change_from_baseline",NA,NA,NA,NA,NA,NA,NA,NA,NA
"Doongaji 1993",2,1,45,63,-1.54310801820302,1.15093276089386,"change_from_baseline",NA,NA,NA,NA,NA,NA,NA,NA,NA
"Doongaji 1993",2,2,49,63,-1.52253324462698,0.821799111645438,"change_from_baseline",NA,NA,NA,NA,NA,NA,NA,NA,NA
"Sauer 2003",2,1,45,75,-1.6770322520967,1.05487892131083,"change_from_baseline",NA,NA,NA,NA,NA,NA,NA,NA,NA
"Sauer 2003",2,2,52,76,-1.69805580009792,0.942726925054361,"change_from_baseline",NA,NA,NA,NA,NA,NA,NA,NA,NA
"Dubey 2012",2,1,48,30,-3.38678329415998,1.05104299005581,"change_from_baseline",NA,NA,NA,NA,NA,NA,NA,NA,NA
"Dubey 2012",2,2,51,30,-2.68899715521437,0.946207499999095,"change_from_baseline",NA,NA,NA,NA,NA,NA,NA,NA,NA
"Perahia 2008b",2,1,51,481,-1.4174924670982,1.00170465564014,"change_from_baseline",NA,NA,NA,NA,NA,NA,NA,NA,NA
"Perahia 2008b",2,2,51,477,-1.43689453790389,0.998278071869421,"change_from_baseline",NA,NA,NA,NA,NA,NA,NA,NA,NA
"Perahia 2008a_study 1",2,1,51,159,-1.72557743396025,1.00232497524968,"change_from_baseline",NA,NA,NA,NA,NA,NA,NA,NA,NA
"Perahia 2008a_study 1",2,2,52,164,-1.83380711400546,0.997741172009207,"change_from_baseline",NA,NA,NA,NA,NA,NA,NA,NA,NA
"Quah-Smith 2005",2,1,54,12,-1.09423777165044,1.28112924527712,"change_from_baseline",NA,NA,NA,NA,NA,NA,NA,NA,NA
"Quah-Smith 2005",2,2,58,14,-2.59076884170178,0.676290016637857,"change_from_baseline",NA,NA,NA,NA,NA,NA,NA,NA,NA
"Andreescu 2011",2,1,55,22,-1.13928765182871,1.08623763910793,"change_from_baseline",NA,NA,NA,NA,NA,NA,NA,NA,NA
"Andreescu 2011",2,2,57,23,-1.06718083842183,0.91009099492827,"change_from_baseline",NA,NA,NA,NA,NA,NA,NA,NA,NA
"Wilson 1982",5,1,1,12,-1.05886887175884,1.19245505599067,"baseline_followup",25,5.77,14.67,11.12,0.2,NA,NA,NA,NA
"Wilson 1982",5,2,38,11,-0.950214369913308,1.08549294640706,"baseline_followup",25.82,4.47,16.55,10.36,0.2,NA,NA,NA,NA
"Wilson 1982",5,3,45,10,-1.1480475666698,1.04571682338238,"baseline_followup",25.8,5.12,14.6,9.73,0.2,NA,NA,NA,NA
"Wilson 1982",5,4,67,12,-1.40020801434906,1.12737630283853,"baseline_followup",26.08,7.61,12.42,9.38,0.2,NA,NA,NA,NA
"Wilson 1982",5,5,86,10,-1.4965620065517,0.688200049057794,"baseline_followup",23.1,3.51,8.5,6.35,0.2,NA,NA,NA,NA
"Schmidt 1983",5,1,4,10,-0.514005593775742,1.2545700254487,"baseline_followup",26,7.2,21.7,9,0.2,NA,NA,NA,NA
"Schmidt 1983",5,2,14,11,-1.78108915052524,1.20965909002746,"baseline_followup",24.4,6.1,9.5,9.2,0.2,NA,NA,NA,NA
"Schmidt 1983",5,3,14,11,-1.13559375369059,1.03441972109975,"baseline_followup",25.5,6.1,16,7.3,0.2,NA,NA,NA,NA
"Schmidt 1983",5,4,20,12,-1.82890362436485,1.07894364736836,"baseline_followup",23.8,8,8.5,5.8,0.2,NA,NA,NA,NA
"Schmidt 1983",5,5,24,12,-1.96039342742376,1.08884447626727,"baseline_followup",23.7,7.7,7.3,6.4,0.2,NA,NA,NA,NA
"Dunn 2005",5,1,60,17,-1.99769317170138,0.737028087808329,"baseline_followup",19.1,1.8,9,3.6,0.2,NA,NA,NA,NA
"Dunn 2005",5,2,60,16,-1.79990176856263,1.09887825155971,"baseline_followup",19.1,2.2,10,5.5,0.2,NA,NA,NA,NA
"Dunn 2005",5,3,61,16,-1.5032146638545,1.17128887537986,"baseline_followup",19.3,2.6,11.7,5.8,0.2,NA,NA,NA,NA
"Dunn 2005",5,4,61,18,-1.265864980088,1.0126723234298,"baseline_followup",19.2,2.3,12.8,5,0.2,NA,NA,NA,NA
"Dunn 2005",5,5,61,13,-1.28564412040188,1.00029801342786,"baseline_followup",20.5,2.4,14,4.9,0.2,NA,NA,NA,NA
"Elkin 1989/Imber 1990",4,1,1,62,-0.799945812787293,1.04770072443885,"baseline_followup",19.5,4.6,13.2,7.8,0.2,NA,NA,NA,NA
"Elkin 1989/Imber 1990",4,2,10,59,-1.13008217996935,1.02932625931201,"baseline_followup",19.6,3.9,10.7,7.9,0.2,NA,NA,NA,NA
"Elkin 1989/Imber 1990",4,3,18,61,-1.24436015322468,1.05837916699712,"baseline_followup",19.6,4.6,9.8,7.9,0.2,NA,NA,NA,NA
"Elkin 1989/Imber 1990",4,4,48,57,-1.23166260064075,1.04770072443885,"baseline_followup",19.5,4.6,9.8,7.8,0.2,NA,NA,NA,NA
"Perahia 2006",4,1,1,99,-7.92809908979571,1.05158863533408,"baseline_followup",20.6,3.7,-30.7,6.48277332338099,0.2,NA,NA,NA,NA
"Perahia 2006",4,2,43,97,-8.05173416332079,1.01407779717154,"baseline_followup",21,3.4,-31.1,6.31848732053788,0.2,NA,NA,NA,NA
"Perahia 2006",4,3,51,93,-8.29900431037095,0.965555138477668,"baseline_followup",21.3,3,-32.4,6.09943931674705,0.2,NA,NA,NA,NA
"Perahia 2006",4,4,51,103,-8.40718499970539,1.1422683604028,"baseline_followup",21.4,4.4,-33,6.86610733001493,0.2,NA,NA,NA,NA
"Khan 1991",4,1,1,26,-0.437042068215358,1.03045456580379,"baseline_followup",26.1,3.5,22.1,9.4,0.2,NA,NA,NA,NA
"Khan 1991",4,2,52,23,-1.04890096371686,0.888735629491357,"baseline_followup",26.2,3.5,16.6,8,0.2,NA,NA,NA,NA
"Khan 1991",4,3,52,22,-0.928714394957635,1.04327755692957,"baseline_followup",25.3,3,16.8,9.6,0.2,NA,NA,NA,NA
"Khan 1991",4,4,52,22,-0.994270705189939,1.00804642909383,"baseline_followup",24.5,3.4,15.4,9.2,0.2,NA,NA,NA,NA
"Schweizer 1991",4,1,1,16,-9.79794788577801,0.908066107031119,"baseline_followup",30.5,3,-37.7,6.09943931674705,0.2,NA,NA,NA,NA
"Schweizer 1991",4,2,52,15,-10.5593719883385,1.2148712114247,"baseline_followup",30,5.5,-43.5,7.46848934043968,0.2,NA,NA,NA,NA
"Schweizer 1991",4,3,52,15,-11.8236233284389,1.02505329869031,"baseline_followup",31.5,4,-50.8,6.64705932622411,0.2,NA,NA,NA,NA
"Schweizer 1991",4,4,52,14,-12.2689845959742,1.16294721463529,"baseline_followup",32.1,5.1,-53.3,7.24944133664886,0.2,NA,NA,NA,NA
"Murphy 1984",4,1,10,19,-2.07421606198189,1.0875681222223,"baseline_followup",18.47,2.84,6.42,6.16,0.2,NA,NA,NA,NA
"Murphy 1984",4,2,34,17,-2.68357082209939,1.10346435831387,"baseline_followup",21.35,4.74,5.76,5.26,0.2,NA,NA,NA,NA
"Murphy 1984",4,3,50,16,-2.18438189431951,0.933665651435436,"baseline_followup",19.69,3.16,7,5.01,0.2,NA,NA,NA,NA
"Murphy 1984",4,4,72,18,-2.29626906778741,1.21874740499026,"baseline_followup",20.06,4.56,6.72,6.3,0.2,NA,NA,NA,NA
"Blom 2007",4,1,18,50,-0.887392353533807,1.03325339604379,"baseline_followup",29.5,5.3,19.6,11.3,0.2,NA,NA,NA,NA
"Blom 2007",4,2,36,47,-0.994955063053056,1.1382767733899,"baseline_followup",29.8,6.3,18.7,12.3,0.2,NA,NA,NA,NA
"Blom 2007",4,3,53,47,-0.573667784102663,0.963666873255705,"baseline_followup",28.3,6.7,21.9,9.8,0.2,NA,NA,NA,NA
"Blom 2007",4,4,78,49,-1.14733556820533,1.00647625852909,"baseline_followup",31,5.5,18.2,10.9,0.2,NA,NA,NA,NA
"Mynors-Wallis 1995",3,1,1,26,-0.930419242094803,1.06259164879807,"baseline_followup",18.4,3.6,11.8,7.3,0.2,NA,NA,NA,NA
"Mynors-Wallis 1995",3,2,15,29,-1.73396313299486,1.0628775709805,"baseline_followup",19.4,4.9,7.1,6.7,0.2,NA,NA,NA,NA
"Mynors-Wallis 1995",3,3,45,27,-1.55069873682467,1.10079551626233,"baseline_followup",19.1,4.8,8.1,7.1,0.2,NA,NA,NA,NA
"Goldstein 2002",3,1,1,70,-6.48985790575841,1.14380300386311,"baseline_followup",19.2,5,-25.81,7.19467933570116,0.2,NA,NA,NA,NA
"Goldstein 2002",3,2,42,33,-6.27934485216127,1.05603457411844,"baseline_followup",17.9,4.3,-25.65,6.81134532906722,0.2,NA,NA,NA,NA
"Goldstein 2002",3,3,51,70,-6.70902218073626,1.01944257795555,"baseline_followup",18.4,4,-28.13,6.64705932622411,0.2,NA,NA,NA,NA
"Sheehan 2009b",3,1,1,95,-1.18156487658725,0.989889235424916,"baseline_followup",29.42,3.72,18.4,9.2,0.2,NA,NA,NA,NA
"Sheehan 2009b",3,2,42,99,-1.22445289388624,0.96610787439072,"baseline_followup",29.51,3.99,18.09,8.89,0.2,NA,NA,NA,NA
"Sheehan 2009b",3,3,52,95,-1.53324661843899,1.05515915966982,"baseline_followup",29.89,3.95,15.59,9.81,0.2,NA,NA,NA,NA
"Blashki 1971",3,1,1,18,-1.01106868326778,1.35038592006315,"baseline_followup",18.9,4.8,11.4,9.6,0.2,NA,NA,NA,NA
"Blashki 1971",3,2,45,13,-1.49638165123632,0.920542416615805,"baseline_followup",17.5,5.2,6.4,5.4,0.2,NA,NA,NA,NA
"Blashki 1971",3,3,45,14,-1.68511447211297,0.817219790094408,"baseline_followup",17.6,4.5,5.1,4.9,0.2,NA,NA,NA,NA
"Choi 2014a/Choi 2014b",3,1,2,36,-0.86703055098582,1.30092062521173,"baseline_followup",24.64,6.42,18.93,7.02,0.2,NA,NA,NA,NA
"Choi 2014a/Choi 2014b",3,2,15,43,-1.49718410380389,1.18415233586525,"baseline_followup",23.54,5.64,13.68,6.56,0.2,NA,NA,NA,NA
"Choi 2014a/Choi 2014b",3,3,15,42,-2.07571061855975,1.11176051847417,"baseline_followup",27.75,5.38,14.08,6.09,0.2,NA,NA,NA,NA
"Kay-Lambkin 2009",3,1,3,21,-0.883676369613431,1.14581897550366,"baseline_followup",32.86,9.59,22.95,10.46,0.2,NA,NA,NA,NA
"Kay-Lambkin 2009",3,2,11,23,-1.95015158460603,1.15472382104676,"baseline_followup",34.91,9.7,13.04,10.51,0.2,NA,NA,NA,NA
"Kay-Lambkin 2009",3,3,21,23,-1.02367353412333,1.26699553838574,"baseline_followup",28.57,9.89,17.09,12.14,0.2,NA,NA,NA,NA
"Sahranavard 2018",3,1,4,10,-1.2797092079767,1.36725968124215,"baseline_followup",33.7,3.06,29.3,4.06,0.2,NA,NA,NA,NA
"Sahranavard 2018",3,2,12,10,-5.14792113208807,0.897224201157782,"baseline_followup",32.4,2.8,14.7,1.77,0.2,NA,NA,NA,NA
"Sahranavard 2018",3,3,14,10,-4.74074092955003,0.938745024590899,"baseline_followup",33.8,1.62,17.5,3.03,0.2,NA,NA,NA,NA
"Nezu 1989",3,1,4,11,-0.416973746270744,1.3550583888632,"baseline_followup",27.27,4.29,24.73,7.76,0.2,NA,NA,NA,NA
"Nezu 1989",3,2,16,14,-3.18968499607896,0.664200463009181,"baseline_followup",26,2.96,6.57,3.29,0.2,NA,NA,NA,NA
"Nezu 1989",3,3,16,14,-2.4148361447412,1.21290070350886,"baseline_followup",27.71,6.43,13,4.84,0.2,NA,NA,NA,NA
"Bowman 1995",3,1,4,10,-0.0283883035832931,1.22804020571573,"baseline_followup",18.9,3.8,18.7,8.3,0.2,NA,NA,NA,NA
"Bowman 1995",3,2,20,10,-1.20650290228996,1.20687940634992,"baseline_followup",20.1,7.3,11.6,5.6,0.2,NA,NA,NA,NA
"Bowman 1995",3,3,20,10,-1.36263857199808,0.77616442974988,"baseline_followup",20.7,4.1,11.1,4.3,0.2,NA,NA,NA,NA
"Ward 2000/King 2000",3,1,5,67,-0.748747638000906,1.25961235511625,"baseline_followup",26.5,8.9,18.3,12.4,0.2,NA,NA,NA,NA
"Ward 2000/King 2000",3,2,11,63,-1.21443214456245,1.12607651872622,"baseline_followup",27.6,8.4,14.3,10.8,0.2,NA,NA,NA,NA
"Ward 2000/King 2000",3,3,17,67,-1.14138359451358,1.03893073230779,"baseline_followup",25.4,8.6,12.9,9.3,0.2,NA,NA,NA,NA
"Scott 1992",3,1,5,29,-1.51496833991891,1.1258021717709,"baseline_followup",19.7,5.4,8.4,7.5,0.2,NA,NA,NA,NA
"Scott 1992",3,2,11,29,-1.55518873832384,0.986981431028196,"baseline_followup",18.3,5.4,6.7,6.1,0.2,NA,NA,NA,NA
"Scott 1992",3,3,45,26,-1.36749354576751,1.30761934489553,"baseline_followup",18.2,6.6,8,8.5,0.2,NA,NA,NA,NA
"Miranda 2003/2006",3,1,5,89,-0.791201105364565,1.06573908625433,"baseline_followup",16.5,5.2,12.4,3.13,0.2,NA,NA,NA,NA
"Miranda 2003/2006",3,2,14,90,-0.945581808850334,1.0672140368447,"baseline_followup",16.3,5.2,11.4,3.15,0.2,NA,NA,NA,NA
"Miranda 2003/2006",3,3,53,88,-1.56310462279341,1.04822081651417,"baseline_followup",18,5.1,9.9,3.11,0.2,NA,NA,NA,NA
"Singh 2005",3,1,5,19,-0.879601247104333,1.08974212742705,"baseline_followup",19.7,3.9,14.4,6,0.2,NA,NA,NA,NA
"Singh 2005",3,2,63,18,-1.57664374480965,1.07334422971542,"baseline_followup",18,4.5,8.5,5.5,0.2,NA,NA,NA,NA
"Singh 2005",3,3,64,17,-1.1783337461209,1.24271413471569,"baseline_followup",19.5,5.3,12.4,6.3,0.2,NA,NA,NA,NA
"Smeraldi 1998b",3,1,7,57,-0.848991567768496,1.08833144141453,"baseline_followup",31.1,5.9,21,12.7,0.2,NA,NA,NA,NA
"Smeraldi 1998b",3,2,47,58,-1.33653127995239,1.01160530928811,"baseline_followup",31.5,4.7,15.6,12,0.2,NA,NA,NA,NA
"Smeraldi 1998b",3,3,52,55,-1.26928442309943,0.92217352476927,"baseline_followup",31.2,5.2,16.1,10.7,0.2,NA,NA,NA,NA
"Jacobson 1996",3,1,8,56,-2.25639312521556,1.03586810264416,"baseline_followup",29.3,6.6,9.1,7.9,0.2,NA,NA,NA,NA
"Jacobson 1996",3,2,10,43,-2.06649865428158,1.15325692958642,"baseline_followup",29.1,6.6,10.6,9.3,0.2,NA,NA,NA,NA
"Jacobson 1996",3,3,10,50,-2.20054181023498,1.16500318680387,"baseline_followup",29.8,6.3,10.1,9.6,0.2,NA,NA,NA,NA
"McNamara 1986",3,1,9,10,-4.33979892260312,1.0551856328444,"baseline_followup",25.9,4.04,5.5,3.56,0.2,NA,NA,NA,NA
"McNamara 1986",3,2,11,10,-3.89305491586457,1.32321157607153,"baseline_followup",24.8,5.29,6.5,4.17,0.2,NA,NA,NA,NA
"McNamara 1986",3,3,11,10,-3.68244702697353,1.0909240610814,"baseline_followup",22.11,4.28,4.8,3.55,0.2,NA,NA,NA,NA
"Marshall 2008",3,1,10,37,-2.04502880501803,0.967721958942352,"baseline_followup",17.78,3.58,6.3,4.81,0.2,NA,NA,NA,NA
"Marshall 2008",3,2,18,35,-1.81166750409698,1.24004577406923,"baseline_followup",18.57,4.06,8.4,6.46,0.2,NA,NA,NA,NA
"Marshall 2008",3,3,53,30,-2.46365403949472,1.03894989505468,"baseline_followup",18.53,3.58,4.7,5.32,0.2,NA,NA,NA,NA
"Fonagy 2019",3,1,10,20,-0.668570280620985,0.91526355832416,"baseline_followup",19.14,4.61,13.22,7.6,0.2,NA,NA,NA,NA
"Fonagy 2019",3,2,24,54,-0.460771409617166,1.18889893892618,"baseline_followup",18.92,5.14,14.84,10.21,0.2,NA,NA,NA,NA
"Fonagy 2019",3,3,28,73,-0.920413477544092,0.959502285259423,"baseline_followup",18.11,4.87,9.96,7.95,0.2,NA,NA,NA,NA
"Hollon 1992",3,1,10,25,-1.07219277108434,1.00642933184601,"baseline_followup",24.1,4.3,13.3,10,0.2,NA,NA,NA,NA
"Hollon 1992",3,2,48,57,-0.953060240963856,1.02469507659596,"baseline_followup",23.8,5,14.2,10,0.2,NA,NA,NA,NA
"Hollon 1992",3,3,71,25,-1.3104578313253,1.03072789813801,"baseline_followup",23.7,5.2,10.5,10,0.2,NA,NA,NA,NA
"Blackburn 1997",3,1,10,24,-1.31909216014807,1.07063920459758,"baseline_followup",20,4.3,10.5,7.2,0.2,NA,NA,NA,NA
"Blackburn 1997",3,2,53,21,-1.27743661824866,1.12292581888623,"baseline_followup",20.6,4.4,11.4,7.6,0.2,NA,NA,NA,NA
"Blackburn 1997",3,3,53,17,-1.15246999255042,0.923572062625833,"baseline_followup",20.1,3.5,11.8,6.3,0.2,NA,NA,NA,NA
"Kay-Lambkin 2011/2017",3,1,11,88,-1.00308138593657,1.11064351966525,"baseline_followup",33,9.2,21.1,11.4,0.2,NA,NA,NA,NA
"Kay-Lambkin 2011/2017",3,2,17,89,-0.699628193552395,1.1050714354543,"baseline_followup",30.5,9.6,22.2,11,0.2,NA,NA,NA,NA
"Kay-Lambkin 2011/2017",3,3,21,97,-1.08737393937661,1.18701491354171,"baseline_followup",31.7,8.7,18.8,12.9,0.2,NA,NA,NA,NA
"Gater 2010",3,1,32,39,-0.835421209022096,0.965875217157996,"baseline_followup",19.3,5,14.3,4,0.2,NA,NA,NA,NA
"Gater 2010",3,2,53,42,-0.167084241804419,1.47817450209684,"baseline_followup",17.9,6.9,16.9,7,0.2,NA,NA,NA,NA
"Gater 2010",3,3,85,42,-0.952380178285189,1.17002295779407,"baseline_followup",20.2,5.6,14.5,5.4,0.2,NA,NA,NA,NA
"Zhao 2019a",3,1,39,156,-2.33413358768922,1.22623227685982,"baseline_followup",24.54,5.13,11.66,5.54,0.2,NA,NA,NA,NA
"Zhao 2019a",3,2,93,160,-2.86692495009654,1.15781624182039,"baseline_followup",25.26,4.9,9.44,5.18,0.2,NA,NA,NA,NA
"Zhao 2019a",3,3,96,161,-2.63858579477912,1.26013644433542,"baseline_followup",24.8,5.16,10.24,5.79,0.2,NA,NA,NA,NA
"Sun 2013",3,1,42,25,-2.95847628209763,1.34480113002137,"baseline_followup",23.32,3.49,12.12,4.38,0.2,NA,NA,NA,NA
"Sun 2013",3,2,57,20,-3.79054773643759,1.03369080899577,"baseline_followup",23.8,2.93,9.45,3.17,0.2,NA,NA,NA,NA
"Sun 2013",3,3,57,16,-3.39960622773183,0.945475226567853,"baseline_followup",22.81,3.25,9.94,2.18,0.2,NA,NA,NA,NA
"Murri 2015",3,1,44,42,-1.74996930618627,1.2535632936077,"baseline_followup",20.4,3.4,11.7,5.9,0.2,NA,NA,NA,NA
"Murri 2015",3,2,90,42,-2.55455289523742,0.906042122093059,"baseline_followup",19.8,2.6,7.1,4.2,0.2,NA,NA,NA,NA
"Murri 2015",3,3,91,37,-2.33329240824835,1.00669587949587,"baseline_followup",20.1,3.2,8.5,4.5,0.2,NA,NA,NA,NA
"Ashouri 2013",3,1,53,13,-1.52995175942002,1.21772518864187,"baseline_followup",34.3,6.54,25.55,3.55,0.2,NA,NA,NA,NA
"Ashouri 2013",3,2,69,10,-2.81511123733283,1.15456455264821,"baseline_followup",34.4,5.5,18.3,4.62,0.2,NA,NA,NA,NA
"Ashouri 2013",3,3,75,10,-3.67188422260804,0.772880676752414,"baseline_followup",37.1,4.04,16.1,2.51,0.2,NA,NA,NA,NA
"Mendels 1999",2,1,1,91,-8.72733079284821,1.05349078922958,"baseline_followup",24.1,3.5,-31.05,6.37324932148558,0.2,NA,NA,NA,NA
"Mendels 1999",2,2,40,89,-9.05648488258754,1.01562897232477,"baseline_followup",23.9,3.2,-33.33,6.20896331864246,0.2,NA,NA,NA,NA
"Nyth 1992",2,1,1,45,-0.699555481811486,1.12246759244333,"baseline_followup",24.2,8.4,17.5,8.5,0.2,NA,NA,NA,NA
"Nyth 1992",2,2,40,88,-1.36778758384037,1.32832913381235,"baseline_followup",26.2,10,13.1,10,0.2,NA,NA,NA,NA
"Emsley 2018",2,1,1,106,-1.40059782211065,1.05300018143595,"baseline_followup",26.6,3.6,17.1,6.9,0.2,NA,NA,NA,NA
"Emsley 2018",2,2,41,98,-2.00506635586367,0.996564814063155,"baseline_followup",26.7,3.2,13.1,6.6,0.2,NA,NA,NA,NA
"Godlewska 2012",2,1,1,21,-0.508478695718574,0.874404118577207,"baseline_followup",23.3,4.5,20,4.3,0.2,NA,NA,NA,NA
"Godlewska 2012",2,2,41,21,-0.677971594291431,1.3650139343851,"baseline_followup",24.2,5.7,19.8,7.8,0.2,NA,NA,NA,NA
"Komulainen 2018",2,1,1,15,-0.451863123720007,1.20831096851053,"baseline_followup",24.5,4.05,22.3,4.95,0.2,NA,NA,NA,NA
"Komulainen 2018",2,2,41,17,-0.390245425030916,1.13369550715874,"baseline_followup",22.1,3.91,20.2,4.56,0.2,NA,NA,NA,NA
"Wade 2002",2,1,1,189,-1.31604219662925,1.00133952066613,"baseline_followup",28.7,3.7,16.7,9.1,0.2,NA,NA,NA,NA
"Wade 2002",2,2,41,188,-1.63408572748132,1.0141017537032,"baseline_followup",29.2,4.2,14.3,9.1,0.2,NA,NA,NA,NA
"Wang 2014c",2,1,1,153,-10.5261653558443,1.10502107130544,"baseline_followup",31.6,5.4,-47.21,7.41372733949198,0.2,NA,NA,NA,NA
"Wang 2014c",2,2,41,152,-10.7826079073381,1.12907539423221,"baseline_followup",32,5.6,-48.73,7.52325134138739,0.2,NA,NA,NA,NA
"Fava 2005",2,1,1,43,-1.05119157403164,0.940658880140968,"baseline_followup",19.9,2.9,12.6,6.4,0.2,NA,NA,NA,NA
"Fava 2005",2,2,42,47,-0.90719272827388,1.06579007654831,"baseline_followup",19.6,3.1,13.3,7.3,0.2,NA,NA,NA,NA
"Hunter 2011",2,1,1,11,-1.01058537552312,1.008609013509,"baseline_followup",20.73,3.66,12.09,8.23,0.2,NA,NA,NA,NA
"Hunter 2011",2,2,42,12,-1.13106025246627,1.03079394778994,"baseline_followup",23.17,4.26,13.5,8.25,0.2,NA,NA,NA,NA
"Macias-Cortes 2015",2,1,1,43,-1.52722174624192,1.16911808957763,"baseline_followup",20.7,3.1,15,3.7,0.2,NA,NA,NA,NA
"Macias-Cortes 2015",2,2,42,46,-2.38460939325493,1.14052773145106,"baseline_followup",20.6,2.9,11.7,3.7,0.2,NA,NA,NA,NA
"Loo 2002",2,1,1,139,-1.39592739289089,1.02028446029307,"baseline_followup",27.4,3.1,15.34,8.87,0.2,NA,NA,NA,NA
"Loo 2002",2,2,43,147,-1.6447867539784,0.972607760835163,"baseline_followup",27.3,3.4,13.09,8.37,0.2,NA,NA,NA,NA
"Doogan 1994",2,1,1,90,-10.5099566477875,1.03649117773739,"baseline_followup",27.3,3.4,-39.4,6.31848732053788,0.2,NA,NA,NA,NA
"Doogan 1994",2,2,44,83,-11.2190241877432,1.03649117773739,"baseline_followup",27.9,3.4,-43.3,6.31848732053788,0.2,NA,NA,NA,NA
"Hieronymus 2016_PZ/109",2,1,1,103,-0.996318696209721,1.01800506168908,"baseline_followup",21.5,3.4,13.6,8,0.2,NA,NA,NA,NA
"Hieronymus 2016_PZ/109",2,2,44,104,-1.09721172873729,0.995018276226141,"baseline_followup",22,3.4,13.3,7.8,0.2,NA,NA,NA,NA
"Olie 1997",2,1,1,129,-9.18935394255672,1.15447230839378,"baseline_followup",28.9,5.5,-37.7,7.46848934043968,0.2,NA,NA,NA,NA
"Olie 1997",2,2,44,129,-9.67227794854694,1.04463292488903,"baseline_followup",28.4,4.6,-41.7,6.97563133191034,0.2,NA,NA,NA,NA
"Amsterdam 1986",2,1,1,54,-0.658900251640571,1.04748218517327,"baseline_followup",23.4,4.9,17.7,8.59,0.2,NA,NA,NA,NA
"Amsterdam 1986",2,2,45,55,-1.43339703865668,1.02151196120148,"baseline_followup",24.5,4.2,12.1,8.59,0.2,NA,NA,NA,NA
"Georgotas 1982",2,1,1,18,-1.17363348455874,1.13480115909198,"baseline_followup",28.6,5.52,17.4,10.18,0.2,NA,NA,NA,NA
"Georgotas 1982",2,2,45,15,-2.09577407956918,0.966430394480814,"baseline_followup",28.5,5.81,8.5,8.13,0.2,NA,NA,NA,NA
"McCallum 1975",2,1,1,12,-0.667849036766092,1.08716950137195,"baseline_followup",22.3,5.6,16.8,7.8,0.2,NA,NA,NA,NA
"McCallum 1975",2,2,45,12,-1.52998142968232,1.09495409770342,"baseline_followup",22.9,5.2,10.3,8.1,0.2,NA,NA,NA,NA
"Schweizer 1998",2,1,1,60,-8.34691512488636,1.07533833199851,"baseline_followup",24.1,4.2,-32.2,6.75658332811952,0.2,NA,NA,NA,NA
"Schweizer 1998",2,2,48,60,-8.98442374010858,1.05028260208137,"baseline_followup",23.9,4,-36.7,6.64705932622411,0.2,NA,NA,NA,NA
"Katz 1990",2,1,1,11,-0.385924018060113,1.01232314660246,"baseline_followup",23.7,4.1,21.2,5.7,0.2,NA,NA,NA,NA
"Katz 1990",2,2,50,12,-1.32757862212679,1.06766972914243,"baseline_followup",21.7,2.5,13.1,6.7,0.2,NA,NA,NA,NA
"Cutler 2009",2,1,1,152,-10.1347765116897,1.11798101075714,"baseline_followup",30.3,5,-41.48,7.19467933570116,0.2,NA,NA,NA,NA
"Cutler 2009",2,2,51,141,-10.6515399838656,1.05639038381888,"baseline_followup",30.4,4.5,-45.04,6.92086933096263,0.2,NA,NA,NA,NA
"Detke 2002a",2,1,1,139,-7.77293021739611,1.03612726765466,"baseline_followup",20.46,3.39,-28.75,6.3130111204431,0.2,NA,NA,NA,NA
"Detke 2002a",2,2,51,128,-8.07462289602295,1.03612726765466,"baseline_followup",20.33,3.39,-30.79,6.3130111204431,0.2,NA,NA,NA,NA
"Detke 2002b",2,1,1,122,-7.29809627668617,1.03117982382291,"baseline_followup",21.14,3.72,-27.19,6.49372572357053,0.2,NA,NA,NA,NA
"Detke 2002b",2,2,51,123,-8.11654613846227,1.08017859158853,"baseline_followup",21.42,4.11,-32.33,6.70729752726658,0.2,NA,NA,NA,NA
"Raskin 2007",2,1,1,104,-5.89108274914995,1.06141695201308,"baseline_followup",18.9,4.5,-22.62,6.92086933096263,0.2,NA,NA,NA,NA
"Raskin 2007",2,2,51,207,-6.25572828540514,1.0983683712157,"baseline_followup",18.8,4.8,-25.29,7.08515533380575,0.2,NA,NA,NA,NA
"Levin 2013",2,1,1,52,-1.76101840040581,1.07200432642968,"baseline_followup",17.3,4,5.65,6.64705932622411,0.2,NA,NA,NA,NA
"Levin 2013",2,2,52,51,-1.46474406008002,1.03427579559785,"baseline_followup",16.3,3.7,6.61,6.48277332338099,0.2,NA,NA,NA,NA
"Krejtz 2018",2,1,2,25,-0.744965009198933,1.13801950402237,"baseline_followup",38.3,7.75,30.11,11.25,0.2,NA,NA,NA,NA
"Krejtz 2018",2,2,22,26,-1.1797553320281,1.05309199593108,"baseline_followup",38.64,7.19,25.67,10.4,0.2,NA,NA,NA,NA
"Mohr 2011",2,1,3,44,-0.394695540064104,1.09594307805515,"baseline_followup",19.23,3.72,17,5.68,0.2,NA,NA,NA,NA
"Mohr 2011",2,2,10,41,-0.955764984908591,1.09105487697136,"baseline_followup",20.83,3.96,15.43,5.51,0.2,NA,NA,NA,NA
"Naeem 2015",2,1,3,68,-1.93723235120279,1.23354845357419,"baseline_followup",15.1,3.9,7.6,3.6,0.2,NA,NA,NA,NA
"Naeem 2015",2,2,11,69,-2.81544435041472,1.18552279403388,"baseline_followup",15.3,3.4,4.4,3.8,0.2,NA,NA,NA,NA
"Hamamci 2006",2,1,3,11,-0.731368470395413,1.28855883635816,"baseline_followup",29.87,8.5,23.18,9.36,0.2,NA,NA,NA,NA
"Hamamci 2006",2,2,14,10,-1.83662037408714,1.11194484028821,"baseline_followup",27.1,7.32,10.3,8.09,0.2,NA,NA,NA,NA
"Markkula 2019",2,1,3,134,-0.444639681447776,0.99353013477446,"baseline_followup",22,8.6,18.1,3.84,0.2,NA,NA,NA,NA
"Markkula 2019",2,2,17,124,-1.64174651611487,1.00651062409892,"baseline_followup",25,8.9,10.6,2.98,0.2,NA,NA,NA,NA
"Hamdan-Mansour 2009",2,1,3,36,-0.339125055663808,1.2064515230981,"baseline_followup",21.1,9.9,18,7,0.2,NA,NA,NA,NA
"Hamdan-Mansour 2009",2,2,19,44,-1.45495588397698,1.08075523906638,"baseline_followup",26.8,8.3,13.5,7.1,0.2,NA,NA,NA,NA
"Albornoz 2011",2,1,3,12,-0.58321591827005,1.42479303719939,"baseline_followup",20,7.24,16.16,7.08,0.2,NA,NA,NA,NA
"Albornoz 2011",2,2,30,12,-1.18921370834752,0.853156568124912,"baseline_followup",19.16,5.33,11.33,2.53,0.2,NA,NA,NA,NA
"Hojatifar 2017",2,1,3,15,-0.324781244057008,0.635324826722751,"baseline_followup",43.07,4.87,40.07,4.11,0.2,NA,NA,NA,NA
"Hojatifar 2017",2,2,31,15,-3.98398326043264,1.47960905783015,"baseline_followup",46.4,11.74,9.6,9.02,0.2,NA,NA,NA,NA
"Hermens 2007",2,1,3,96,-5.36550763102495,1.25897077668274,"baseline_followup",24.1,10.7,-32.8,10.3161133897203,0.2,NA,NA,NA,NA
"Hermens 2007",2,2,43,85,-5.4315156335156,1.23098434056395,"baseline_followup",23.7,10.4,-33.9,10.1518273868772,0.2,NA,NA,NA,NA
"Hemat-Far 2012",2,1,3,10,-0.160047318976232,1.01494005886757,"baseline_followup",23.8,4.7,22.8,4.9,0.2,NA,NA,NA,NA
"Hemat-Far 2012",2,2,60,10,-1.34439747940035,1.30592702947411,"baseline_followup",25,5.3,16.6,6.9,0.2,NA,NA,NA,NA
"Roy 2018",2,1,3,20,-0.581339828040805,1.02784267655475,"baseline_followup",16.55,4.14,13.85,3.16,0.2,NA,NA,NA,NA
"Roy 2018",2,2,64,20,-0.925837503916837,1.35611197162014,"baseline_followup",19.3,4.83,15,4.93,0.2,NA,NA,NA,NA
"Beach 1992",2,1,4,15,-0.821435355101327,1.18228254326512,"baseline_followup",28.33,5.55,20.47,10.68,0.2,NA,NA,NA,NA
"Beach 1992",2,2,10,15,-1.81844467923195,0.999052347477425,"baseline_followup",28.27,6.98,10.87,7.7,0.2,NA,NA,NA,NA
"Kramer 2014",2,1,4,132,-0.439795637967253,1.06082634987541,"baseline_followup",39.7,7.1,35.21,9.68,0.2,NA,NA,NA,NA
"Kramer 2014",2,2,15,131,-1.00888531649504,1.20680312392682,"baseline_followup",39.5,8.6,29.2,10.66,0.2,NA,NA,NA,NA
"Arean 1993",2,1,4,20,-0.0663820890262617,1.07946554176627,"baseline_followup",22.4,5.5,22,4.5,0.2,NA,NA,NA,NA
"Arean 1993",2,2,16,19,-2.72166565007674,1.28815993563092,"baseline_followup",25.2,5.7,8.8,6.3,0.2,NA,NA,NA,NA
"Jamison 1995",2,1,4,39,-0.119135925388343,1.04835602717408,"baseline_followup",19.6,3.7,19,4.5,0.2,NA,NA,NA,NA
"Jamison 1995",2,2,20,33,-2.10473468186073,1.2683416919277,"baseline_followup",20.2,4.4,9.6,5.5,0.2,NA,NA,NA,NA
"Naeem 2014",2,1,4,89,-0.770359455516869,1.14073384497284,"baseline_followup",13.3,2.7,10.4,3.9,0.2,NA,NA,NA,NA
"Naeem 2014",2,2,20,94,-1.80636010259128,1.18166667564907,"baseline_followup",13,3.4,6.2,3.6,0.2,NA,NA,NA,NA
"Rickhi 2011",2,1,4,45,-0.42930193906062,1.01883349854395,"baseline_followup",20.3,1.66,18,5.49,0.2,NA,NA,NA,NA
"Rickhi 2011",2,2,23,39,-1.58655064435446,0.944620107597564,"baseline_followup",20.4,1.54,11.9,5.09,0.2,NA,NA,NA,NA
"Choi 2012",2,1,4,30,0.0508352604020095,1.14476378204369,"baseline_followup",20.83,7.58,21.27,7.86,0.2,NA,NA,NA,NA
"Choi 2012",2,2,25,25,-1.41876590394699,1.32191113867755,"baseline_followup",25.76,8.53,13.48,9.28,0.2,NA,NA,NA,NA
"Lindegaard 2019",2,1,4,25,-0.424160938163535,1.23892220834602,"baseline_followup",17,5.52,14.52,5.75,0.2,NA,NA,NA,NA
"Lindegaard 2019",2,2,25,25,-1.94464107537072,1.10637615682015,"baseline_followup",19.6,4.1,8.23,5.76,0.2,NA,NA,NA,NA
"Umadevi 2013",2,1,4,23,-0.439382348951207,1.2214975966297,"baseline_followup",15.13,4.08,12.82,5.69,0.2,NA,NA,NA,NA
"Umadevi 2013",2,2,65,20,-2.00670293568625,1.01850034855198,"baseline_followup",14,4.47,3.45,3.8,0.2,NA,NA,NA,NA
"Leinonen 1999",2,1,6,136,-2.90685095628094,1.11054433016536,"baseline_followup",29.6,4.9,9.1,7.13991733475345,0.2,NA,NA,NA,NA
"Leinonen 1999",2,2,40,133,-2.8643116739939,1.06116687940773,"baseline_followup",29.1,4.5,8.9,6.92086933096263,0.2,NA,NA,NA,NA
"Versiani 2005",2,1,6,145,-12.148317453787,1.13603834251194,"baseline_followup",36,6,-58.3,7.74229934517821,0.2,NA,NA,NA,NA
"Versiani 2005",2,2,42,147,-11.710308128836,1.13603834251194,"baseline_followup",35,6,-55.9,7.74229934517821,0.2,NA,NA,NA,NA
"Wheatley 1998",2,1,6,60,-9.62091783573142,1.07879769836274,"baseline_followup",26,4.4,-40.2,6.86610733001493,0.2,NA,NA,NA,NA
"Wheatley 1998",2,2,42,63,-9.08319282074341,1.06633408914433,"baseline_followup",26.1,4.3,-36.4,6.81134532906722,0.2,NA,NA,NA,NA
"Zhang 2019",2,1,6,79,-7.03090196330588,1.15680739812954,"baseline_followup",23.4,1.9,7.5,2.2,0.2,NA,NA,NA,NA
"Zhang 2019",2,2,42,79,-6.54448736207088,1.21279783083569,"baseline_followup",23.1,2,8.3,2.3,0.2,NA,NA,NA,NA
"Hoyberg 1996",2,1,6,56,-1.44241552271054,1.1450028645599,"baseline_followup",32.5,6.1,17.2,11.7,0.2,NA,NA,NA,NA
"Hoyberg 1996",2,2,45,59,-1.63096657143087,0.974809151649177,"baseline_followup",30.3,6.6,13,9.3,0.2,NA,NA,NA,NA
"Zivkov 1995",2,1,6,113,-1.50723625648604,1.02546401517248,"baseline_followup",28,4.9,12.8,10.1,0.2,NA,NA,NA,NA
"Zivkov 1995",2,2,45,111,-1.54690036849883,1.01389139952429,"baseline_followup",27.6,4.8,12,10,0.2,NA,NA,NA,NA
"Guelfi 2001",2,1,6,78,-11.8965486782003,1.09284336683003,"baseline_followup",34.6,5.3,-54.7,7.35896533854427,0.2,NA,NA,NA,NA
"Guelfi 2001",2,2,52,79,-11.4169565702325,1.14093957873368,"baseline_followup",34.1,5.7,-51.6,7.57801334233509,0.2,NA,NA,NA,NA
"Paslakis 2010",2,1,6,37,-2.07433213368255,0.873490044899734,"baseline_followup",21.7,3.4,8.6,5,0.2,NA,NA,NA,NA
"Paslakis 2010",2,2,52,33,-2.20100890520514,1.26386143226758,"baseline_followup",23.2,4.6,9.3,7.4,0.2,NA,NA,NA,NA
"Fudge 1990",2,1,7,15,-2.24076033774032,0.722540244005048,"baseline_followup",23.6,3,6.5,5.1,0.2,NA,NA,NA,NA
"Fudge 1990",2,2,42,17,-1.93937152038344,1.1930018694669,"baseline_followup",23.2,2.8,8.4,9,0.2,NA,NA,NA,NA
"Moises 1981",2,1,7,16,-1.09049458835182,1.2620491938323,"baseline_followup",25.3,5.6,16.3,9.7,0.2,NA,NA,NA,NA
"Moises 1981",2,2,45,20,-1.72055812828843,0.906564888977575,"baseline_followup",24.9,4.9,10.7,6.5,0.2,NA,NA,NA,NA
"Kanter 2015",2,1,8,21,-1.04602345222668,0.971188462859251,"baseline_followup",21.05,3.75,11,9.14,0.2,NA,NA,NA,NA
"Kanter 2015",2,2,33,22,-0.831614665004095,1.06572501326232,"baseline_followup",20.82,5.21,12.83,9.7,0.2,NA,NA,NA,NA
"Moradveisi 2013",2,1,8,50,-8.00610938732579,1.10119325703066,"baseline_followup",21.12,5.26,-38.43,7.33706053816519,0.2,NA,NA,NA,NA
"Moradveisi 2013",2,2,44,50,-7.72512250874458,1.12054808607325,"baseline_followup",21.62,5.42,-35.84,7.42467973968152,0.2,NA,NA,NA,NA
"Thase 2018",2,1,10,77,-1.73625913433917,1.11989242471209,"baseline_followup",19.6,3.8,9.2,6.3,0.2,NA,NA,NA,NA
"Thase 2018",2,2,25,77,-1.8197331311824,1.00344235097196,"baseline_followup",19.8,3.5,8.9,5.6,0.2,NA,NA,NA,NA
"Connolly Gibbons 2016",2,1,10,119,-0.861159080274594,1.09712063320163,"baseline_followup",21.08,5.69,16.06,4.23,0.2,NA,NA,NA,NA
"Connolly Gibbons 2016",2,2,29,118,-0.713629835446676,1.13855421660014,"baseline_followup",21.05,5.93,16.89,4.35,0.2,NA,NA,NA,NA
"Rush 1977/Kovacs 1981",2,1,10,19,-2.13250072867477,0.865528019458774,"baseline_followup",30.21,6.64,7.26,7.74,0.2,NA,NA,NA,NA
"Rush 1977/Kovacs 1981",2,2,48,22,-1.17450149065138,1.20869196999859,"baseline_followup",30.09,6.16,17.45,12.47,0.2,NA,NA,NA,NA
"Kennedy 2007",2,1,10,12,-1.30741950779205,0.931869777649038,"baseline_followup",22.3,4.2,10.8,7.6,0.2,NA,NA,NA,NA
"Kennedy 2007",2,2,52,12,-1.60187311867739,1.13107669445305,"baseline_followup",21.5,9.3,7.41,4.9,0.2,NA,NA,NA,NA
"Quilty 2014",2,1,10,54,-1.40755666374889,1.16711760603339,"baseline_followup",16.91,5.03,8.14,6.28,0.2,NA,NA,NA,NA
"Quilty 2014",2,2,53,50,-1.32088840851235,1.17057102526149,"baseline_followup",16.42,5.33,8.19,6.08,0.2,NA,NA,NA,NA
"Farabaugh 2015",2,1,11,15,-1.11272489210219,0.908834952842129,"baseline_followup",19.2,4.51,10.4,6.28,0.2,NA,NA,NA,NA
"Farabaugh 2015",2,2,41,11,-0.689130757040559,1.25803252102156,"baseline_followup",18,5.12,12.55,9.25,0.2,NA,NA,NA,NA
"McKnight 1992",2,1,11,22,-2.00890420369306,1.2021005152111,"baseline_followup",32.81,5.65,14.85,10.11,0.2,NA,NA,NA,NA
"McKnight 1992",2,2,46,21,-1.86125645598288,0.829045010612716,"baseline_followup",26.99,3.52,10.35,7.11,0.2,NA,NA,NA,NA
"Kheirabadi 2020",2,1,13,16,-1.36350918098967,1.2279817225714,"baseline_followup",37.2,19.9,13,12.2,0.2,NA,NA,NA,NA
"Kheirabadi 2020",2,2,40,12,-1.0141803825543,0.874038482998495,"baseline_followup",45.6,12.72,27.6,11,0.2,NA,NA,NA,NA
"Alexopoulos 2003b",2,1,15,12,-2.59226276147506,1.03391626790604,"baseline_followup",23.9,3.38,7.09,6.25,0.2,NA,NA,NA,NA
"Alexopoulos 2003b",2,2,17,13,-1.76261531015228,1.193989762191,"baseline_followup",25.35,5.51,13.92,6.29,0.2,NA,NA,NA,NA
"Arean 2010",2,1,15,110,-1.42489933808695,1.06450051871035,"baseline_followup",24.1,3.9,12.83,8.25,0.2,NA,NA,NA,NA
"Arean 2010",2,2,17,111,-1.08985202256518,1.01184626880322,"baseline_followup",24.5,4.6,15.88,7.5,0.2,NA,NA,NA,NA
"Costa 2016",2,1,26,19,-0.919256632812093,1.34663176498089,"baseline_followup",30,9.1,20.4,12.3,0.2,NA,NA,NA,NA
"Costa 2016",2,2,27,18,-1.31185581974226,0.857539575528032,"baseline_followup",30,6.4,16.3,7.4,0.2,NA,NA,NA,NA
"Connolly Gibbons 2012",2,1,29,16,-0.882505009660148,1.02416805747515,"baseline_followup",23,4.73,16.6,6.5,0.2,NA,NA,NA,NA
"Connolly Gibbons 2012",2,2,33,15,-0.537776490261653,1.08993912823329,"baseline_followup",19.7,3.4,15.8,7.62,0.2,NA,NA,NA,NA
"Moak 2003",2,1,35,44,-1.49344908052374,0.946352979070887,"baseline_followup",18.8,2.4,8.8,6.3,0.2,NA,NA,NA,NA
"Moak 2003",2,2,74,38,-1.73240093340754,1.04972448145101,"baseline_followup",19.4,2.6,7.8,7,0.2,NA,NA,NA,NA
"Hersen 1984",2,1,36,22,-1.58385075321675,1.08192877019141,"baseline_followup",21.54,5.71,8.95,7.42,0.2,NA,NA,NA,NA
"Hersen 1984",2,2,45,14,-2.17512148714199,1.17568499722773,"baseline_followup",25.5,5.81,8.21,8.31,0.2,NA,NA,NA,NA
"Wang 2014a",2,1,39,26,-4.04816431669503,0.647519163893179,"baseline_followup",22.07,1.68267643948562,8.2,1.78465682975747,0.2,NA,NA,NA,NA
"Wang 2014a",2,2,96,45,-4.62605655512734,1.374992650561,"baseline_followup",22.15,4.02492235949962,6.3,3.28701992692469,0.2,NA,NA,NA,NA
"Moore 2005",2,1,40,142,-13.111612440207,1.05763707907929,"baseline_followup",35.7,4.4,-56,6.86610733001493,0.2,NA,NA,NA,NA
"Moore 2005",2,2,41,138,-13.5834589075209,1.10717190518528,"baseline_followup",36.3,4.8,-58.7,7.08515533380575,0.2,NA,NA,NA,NA
"Hsu 2011",2,1,40,21,-2.37241247629314,0.975117547596558,"baseline_followup",36.6,5.5,10.8,10,0.2,NA,NA,NA,NA
"Hsu 2011",2,2,44,21,-1.97701039691095,1.06675596563561,"baseline_followup",38.2,4.9,16.7,11.3,0.2,NA,NA,NA,NA
"Matreja 2007",2,1,40,50,-3.13831263698998,1.21703302517946,"baseline_followup",30.2,6.18,11,5.47,0.2,NA,NA,NA,NA
"Matreja 2007",2,2,44,50,-2.46815212596608,1.13941250035809,"baseline_followup",29.1,4.9,14,5.96,0.2,NA,NA,NA,NA
"Navarro 2001",2,1,40,29,-10.5737797296106,1.06531247568836,"baseline_followup",27.31,4.12,-44.52,6.71277372736135,0.2,NA,NA,NA,NA
"Navarro 2001",2,2,50,29,-10.8240292846758,1.0603009908958,"baseline_followup",26.21,4.08,-47.32,6.69086892698227,0.2,NA,NA,NA,NA
"Allard 2004",2,1,40,75,-2.13572123699065,1.03149767590754,"baseline_followup",27,3.6,9.6,8.3,0.2,NA,NA,NA,NA
"Allard 2004",2,2,52,73,-2.20936679688688,0.98697353510949,"baseline_followup",27.6,3.6,9.6,7.9,0.2,NA,NA,NA,NA
"Jeong 2015",2,1,41,52,-2.40032440883498,0.984439559572349,"baseline_followup",30.8,4.9,11.3,7.3,0.2,NA,NA,NA,NA
"Jeong 2015",2,2,41,49,-2.11720922215188,1.18635368631026,"baseline_followup",30.7,5.9,13.5,8.8,0.2,NA,NA,NA,NA
"Xiaoling 2018",2,1,41,65,-2.94246844365122,0.959401001367984,"baseline_followup",22.29,3.15,12.04,1.86,0.2,NA,NA,NA,NA
"Xiaoling 2018",2,2,42,65,-2.39129386688924,1.11088761562955,"baseline_followup",20.47,3.75,12.14,1.89,0.2,NA,NA,NA,NA
"Baldwin 2006b",2,1,41,165,-11.3199242245525,1.07089467046479,"baseline_followup",29.6,4.2,-46.76,6.75658332811952,0.2,NA,NA,NA,NA
"Baldwin 2006b",2,2,43,158,-11.5200538435042,1.05837936912019,"baseline_followup",29.7,4.1,-48.01,6.70182132717181,0.2,NA,NA,NA,NA
"Boulenger 2006",2,1,41,228,-14.6607659683331,1.04322636551867,"baseline_followup",35.2,3.7,-60.4,6.48277332338099,0.2,NA,NA,NA,NA
"Boulenger 2006",2,2,43,223,-14.2160356199213,1.05582222417591,"baseline_followup",34.8,3.8,-57.9,6.53753532432869,0.2,NA,NA,NA,NA
"Wade 2007",2,1,41,141,-3.44303458814493,1.0661533472432,"baseline_followup",32.5,4.3,8.89,6.81134532906722,0.2,NA,NA,NA,NA
"Wade 2007",2,2,51,146,-3.13825092489958,1.07861484390004,"baseline_followup",32.1,4.4,10.58,6.86610733001493,0.2,NA,NA,NA,NA
"Montgomery 2004",2,1,41,146,-10.3185809235955,1.08136269597719,"baseline_followup",28.7,5,-46.86,7.19467933570116,0.2,NA,NA,NA,NA
"Montgomery 2004",2,2,52,142,-10.5056700695104,1.12998816366085,"baseline_followup",29,5.4,-47.93,7.41372733949198,0.2,NA,NA,NA,NA
"Aguglia 1993",2,1,42,40,-1.63627015611553,1.08842772186402,"baseline_followup",32.9,7.6,17,8.9,0.2,NA,NA,NA,NA
"Aguglia 1993",2,2,44,48,-1.78034425791186,1.2133933683141,"baseline_followup",33.4,8.1,16.1,10.2,0.2,NA,NA,NA,NA
"Boyer 1998",2,1,42,115,-2.36268841874745,1.15269877566539,"baseline_followup",29,5.9,11.1,7.6875373442305,0.2,NA,NA,NA,NA
"Boyer 1998",2,2,44,116,-2.36268841874745,1.0929094152559,"baseline_followup",28.3,5.4,10.4,7.41372733949198,0.2,NA,NA,NA,NA
"Hieronymus 2016_PZ/111",2,1,42,108,-1.57698007498727,0.997185566970534,"baseline_followup",24.4,2.4,13.4,7,0.2,NA,NA,NA,NA
"Hieronymus 2016_PZ/111",2,2,44,106,-1.61998862248692,0.975528758088682,"baseline_followup",24.1,1.9,12.8,6.9,0.2,NA,NA,NA,NA
"Sechter 1999",2,1,42,118,-10.1922899996196,1.09133793234903,"baseline_followup",24.9,3.8,-39.5,6.53753532432869,0.2,NA,NA,NA,NA
"Sechter 1999",2,2,44,116,-10.2239430741526,0.977960114391114,"baseline_followup",24.5,2.9,-40.1,6.04467731579935,0.2,NA,NA,NA,NA
"De Ronchi 1998",2,1,42,32,-1.2661593832099,1.03362905621219,"baseline_followup",25.6,5.9,14.22,8.31,0.2,NA,NA,NA,NA
"De Ronchi 1998",2,2,45,33,-1.39744831749704,1.1215055955434,"baseline_followup",26.5,5.67,13.94,9.4,0.2,NA,NA,NA,NA
"Demyttenaere 1998",2,1,42,35,-2.68071492301088,1.22876701097625,"baseline_followup",24.9,4.1,9.9,6.3,0.2,NA,NA,NA,NA
"Demyttenaere 1998",2,2,45,31,-2.98452928095211,0.944541829372954,"baseline_followup",23.9,3.7,7.2,4.5,0.2,NA,NA,NA,NA
"Fawcett 1989",2,1,42,19,-1.46163988790915,0.911212194227264,"baseline_followup",23.6,3,12.8,6.5,0.2,NA,NA,NA,NA
"Fawcett 1989",2,2,45,19,-1.20449953725846,1.09044457331661,"baseline_followup",23.5,3.1,14.6,7.9,0.2,NA,NA,NA,NA
"Marchesi 1998",2,1,42,67,-2.44235943253275,1.11554670204543,"baseline_followup",25.5,5.2,8.9,6.6,0.2,NA,NA,NA,NA
"Marchesi 1998",2,2,45,75,-2.53063748431104,1.1867890035633,"baseline_followup",25.3,5.7,8.1,6.9,0.2,NA,NA,NA,NA
"Suleman 1997",2,1,42,15,-5.82239008013352,0.980347428762417,"baseline_followup",25.4,2.2,7.2,2.5,0.2,NA,NA,NA,NA
"Suleman 1997",2,2,45,15,-5.08659353154522,1.28903903029413,"baseline_followup",22.9,3.5,7,2.6,0.2,NA,NA,NA,NA
"Noguera 1991",2,1,42,60,-3.57596383773133,1.19262729610388,"baseline_followup",24.3,4.9,6.21,4.57,0.2,NA,NA,NA,NA
"Noguera 1991",2,2,47,60,-3.54631239629077,1.26874760173992,"baseline_followup",24.6,5.15,6.66,4.93,0.2,NA,NA,NA,NA
"Ropert 1989",2,1,42,54,-2.41583919782061,1.13534674570118,"baseline_followup",27.6,6.4,9.4,7,0.2,NA,NA,NA,NA
"Ropert 1989",2,2,47,46,-2.20345772988033,1.1428864859688,"baseline_followup",28.4,5,11.8,8,0.2,NA,NA,NA,NA
"Serrano-Blanco 2006",2,1,42,49,-1.37693888934213,1.19848188086505,"baseline_followup",22.2,9.1,9.5,8.2,0.2,NA,NA,NA,NA
"Serrano-Blanco 2006",2,2,48,45,-1.39862296633965,1.20594652886723,"baseline_followup",21.7,9.2,8.8,8.2,0.2,NA,NA,NA,NA
"Basterzi 2009",2,1,42,22,-1.64811027796713,1.00691103723969,"baseline_followup",25.7,3.5,12.1,8.1,0.2,NA,NA,NA,NA
"Basterzi 2009",2,2,52,21,-1.85412406271302,1.06017687383304,"baseline_followup",26.5,4.9,11.2,8.1,0.2,NA,NA,NA,NA
"Chang 2015",2,1,42,58,-2.02491423065671,1.0776289169589,"baseline_followup",24.3,5.7,8,7.7,0.2,NA,NA,NA,NA
"Chang 2015",2,2,52,54,-2.13671931087702,1.15300148917479,"baseline_followup",25.9,6,8.7,8.3,0.2,NA,NA,NA,NA
"Clerc 1994",2,1,42,34,-1.12964008535657,1.07972108321251,"baseline_followup",35.7,5,20,15,0.2,NA,NA,NA,NA
"Clerc 1994",2,2,52,33,-1.6404964296898,0.896558674761119,"baseline_followup",34.8,5,12,12.3,0.2,NA,NA,NA,NA
"Costa 1998",2,1,42,186,-2.53398281236453,1.04868801271682,"baseline_followup",29.7,5.3,9.1,7.8,0.2,NA,NA,NA,NA
"Costa 1998",2,2,52,196,-2.63238991187383,1.15731214765,"baseline_followup",30.4,6.2,9,8.4,0.2,NA,NA,NA,NA
"Diaz-Martinez 1998",2,1,42,55,-3.04594240113593,1.1475235140662,"baseline_followup",31.6,6.2,7.6,7.85182334707362,0.2,NA,NA,NA,NA
"Diaz-Martinez 1998",2,2,52,55,-2.93171956109334,1.13579691555484,"baseline_followup",31.4,6.1,8.3,7.79706134612591,0.2,NA,NA,NA,NA
"Dierick 1996",2,1,42,161,-1.50848478438818,0.958986078906323,"baseline_followup",26.6,4.1,12.4,8.88,0.2,NA,NA,NA,NA
"Dierick 1996",2,2,52,153,-1.73157056236108,1.05963364096368,"baseline_followup",27,4.2,10.7,9.9,0.2,NA,NA,NA,NA
"Heller 2009",2,1,42,14,-3.15862575494835,1.1859988250942,"baseline_followup",21.36,2.71,7.33,4.92,0.2,NA,NA,NA,NA
"Heller 2009",2,2,52,15,-3.39276479879342,0.878495482450828,"baseline_followup",20.07,1.94,5,3.67,0.2,NA,NA,NA,NA
"Tylee 1997",2,1,42,170,-10.2749259384008,1.1013202686061,"baseline_followup",29.3,5.2,-46.2,7.30420333759657,0.2,NA,NA,NA,NA
"Tylee 1997",2,2,52,171,-9.68973148098199,1.11345535629943,"baseline_followup",27.8,5.3,-43.4,7.35896533854427,0.2,NA,NA,NA,NA
"Fu 2003",2,1,42,30,-2.90283746593433,1.0853788001539,"baseline_followup",29.6,5.1,8.7,6.9,0.2,NA,NA,NA,NA
"Fu 2003",2,2,59,32,-3.31951270027897,1.09873084278896,"baseline_followup",31.5,4.6,7.6,7.3,0.2,NA,NA,NA,NA
"Jiahui 2006",2,1,42,30,-1.48281226333527,1.01094401724314,"baseline_followup",36.08,11.52,18.96,4.61,0.2,NA,NA,NA,NA
"Jiahui 2006",2,2,59,30,-1.52958321089374,0.990073256431433,"baseline_followup",35.36,11.27,17.7,4.57,0.2,NA,NA,NA,NA
"Duan 2009",2,1,42,44,-2.31996376113669,1.12909088586922,"baseline_followup",25.1,3.7,12.7,5.5,0.2,NA,NA,NA,NA
"Duan 2009",2,2,94,46,-2.56318576835263,1.09790996003754,"baseline_followup",23.8,4,10.1,5.1,0.2,NA,NA,NA,NA
"Deushle 2003",2,1,43,40,-1.4074593402924,1.0782555050296,"baseline_followup",23.6,3.6,12.7,8.2,0.2,NA,NA,NA,NA
"Deushle 2003",2,2,45,40,-1.74318358660068,1.05815594675351,"baseline_followup",24,5.6,10.5,7.1,0.2,NA,NA,NA,NA
"Freed 1999",2,1,43,149,-1.66906696722443,1.05476079937471,"baseline_followup",31.4,6.93,13.7,10.24,0.2,NA,NA,NA,NA
"Freed 1999",2,2,45,157,-1.42200733704771,1.06246865329737,"baseline_followup",31.66,5.71,16.58,10.89,0.2,NA,NA,NA,NA
"Moller 1993",2,1,43,81,-2.49636181432255,1.26277308833438,"baseline_followup",30.2,6.4,11.5,8.3,0.2,NA,NA,NA,NA
"Moller 1993",2,2,45,74,-2.72330379744279,1.07759970942771,"baseline_followup",29.7,6.4,9.3,6.3,0.2,NA,NA,NA,NA
"Staner 1995",2,1,43,21,-0.817020538557901,1.18163821872726,"baseline_followup",26,5.8,17.8,11.3,0.2,NA,NA,NA,NA
"Staner 1995",2,2,45,19,-1.3251674588805,0.824419536004232,"baseline_followup",24,4,10.7,7.9,0.2,NA,NA,NA,NA
"Mulsant 1999",2,1,43,29,-2.60499827226042,1.23804402231682,"baseline_followup",20.9,3.7,9.6,4.6,0.2,NA,NA,NA,NA
"Mulsant 1999",2,2,50,27,-3.13521915953467,1.03319600142812,"baseline_followup",22.4,3.9,8.8,3,0.2,NA,NA,NA,NA
"Lee 2007",2,1,43,240,-8.34455343089618,1.05703992230617,"baseline_followup",21.2,4.04,-34.72,6.66896412660319,0.2,NA,NA,NA,NA
"Lee 2007",2,2,51,238,-8.41468826838761,1.06706668898364,"baseline_followup",21.1,4.12,-35.29,6.71277372736135,0.2,NA,NA,NA,NA
"Wang 2013",2,1,43,24,-1.58387066861213,1.34164752927144,"baseline_followup",22.8,7.86,11.38,7.16,0.2,NA,NA,NA,NA
"Wang 2013",2,2,57,24,-1.51868509818763,1.08405272744384,"baseline_followup",24.7,5.92,13.75,6.23,0.2,NA,NA,NA,NA
"Zhang 2007a",2,1,43,20,-3.06223907901984,1.07364816717906,"baseline_followup",28.4,5.8,9.8,4.1,0.2,NA,NA,NA,NA
"Zhang 2007a",2,2,95,22,-3.6220032117439,1.05651691561883,"baseline_followup",29.2,6.1,7.2,3.2,0.2,NA,NA,NA,NA
"Ai 2018",2,1,43,50,-3.45729633252323,1.26491551651369,"baseline_followup",31.56,5.35,12.99,5.31,0.2,NA,NA,NA,NA
"Ai 2018",2,2,97,50,-4.04189032736022,1.09188479672384,"baseline_followup",32.06,5.31,10.35,3.67,0.2,NA,NA,NA,NA
"Bersani 1994",2,1,44,31,-2.66119342657204,1.20101884793815,"baseline_followup",33,5.4,16,6.5,0.2,NA,NA,NA,NA
"Bersani 1994",2,2,45,30,-2.50465263677368,1.10471013066242,"baseline_followup",32,4.8,16,6.1,0.2,NA,NA,NA,NA
"Bhargava 2012",2,1,44,30,-2.76892293513391,0.833550536979552,"baseline_followup",25.93,1.21,14.23,3.51,0.2,NA,NA,NA,NA
"Bhargava 2012",2,2,48,30,-3.15467886541324,1.18681701443152,"baseline_followup",27,2.66,13.67,4.74,0.2,NA,NA,NA,NA
"Sneed 2014",2,1,44,58,-1.53772461477872,1.061102585408,"baseline_followup",24.18,5.12,12.5,7.2603937368384,0.2,NA,NA,NA,NA
"Sneed 2014",2,2,50,52,-1.75890418265786,1.18916538000503,"baseline_followup",24.73,6.19,11.37,7.84634714697885,0.2,NA,NA,NA,NA
"Mowla 2016",2,1,44,28,-2.58215456622104,1.17481224783787,"baseline_followup",27.4,3.9,17.43,3.1,0.2,NA,NA,NA,NA
"Mowla 2016",2,2,51,26,-2.40862963549204,1.15135698553676,"baseline_followup",27.96,3.7,18.66,3.2,0.2,NA,NA,NA,NA
"Shelton 2006",2,1,44,82,-1.75723058637084,1.01196455749448,"baseline_followup",22.1,2.9,10.8,6.4,0.2,NA,NA,NA,NA
"Shelton 2006",2,2,52,78,-1.97494057052298,1.01196455749448,"baseline_followup",22.4,2.9,9.7,6.4,0.2,NA,NA,NA,NA
"Kampman 1978",2,1,45,25,-1.79552574699876,1.00926661950114,"baseline_followup",25.7,5,12.4,6.5,0.2,NA,NA,NA,NA
"Kampman 1978",2,2,47,28,-2.2545323289383,1.24986695668048,"baseline_followup",27.1,6.35,10.4,7.94,0.2,NA,NA,NA,NA
"Balestrieri 1971",2,1,45,37,-1.37523480070432,1.23849619796346,"baseline_followup",24.38,7.7,11.39,10.32,0.2,NA,NA,NA,NA
"Balestrieri 1971",2,2,48,37,-1.26301394706717,0.967172977181592,"baseline_followup",23.98,5.68,12.05,8.26,0.2,NA,NA,NA,NA
"Luo 1985",2,1,45,20,-1.55152907383158,0.97200239479403,"baseline_followup",29.4,6.3,14.2,8.3,0.2,NA,NA,NA,NA
"Luo 1985",2,2,57,27,-1.60256621441814,1.14591297933937,"baseline_followup",28.5,6.1,12.8,10.5,0.2,NA,NA,NA,NA
"Samuelian 1998",2,1,47,46,-1.25671135929174,1.03983043549697,"baseline_followup",34,7,17.7,12.89,0.2,NA,NA,NA,NA
"Samuelian 1998",2,2,52,52,-1.17190261725365,1.03716268890843,"baseline_followup",33,7,17.8,12.85,0.2,NA,NA,NA,NA
"Janakiramaiah 2000",2,1,48,15,-1.9324141206569,1.06190302926301,"baseline_followup",22.7,5.7,6.3,7.9,0.2,NA,NA,NA,NA
"Janakiramaiah 2000",2,2,65,15,-1.97954617238024,1.17320178765337,"baseline_followup",25.1,6.5,8.3,8.6,0.2,NA,NA,NA,NA
"Judd 2001",2,1,52,19,-1.60145620328466,1.16499251174763,"baseline_followup",32.6,8.5,12.9,12.9,0.2,NA,NA,NA,NA
"Judd 2001",2,2,77,12,-1.93475419483121,1.0416064103894,"baseline_followup",33.5,10.3,9.7,9.4,0.2,NA,NA,NA,NA
"Ozdemir 2015",2,1,52,25,-3.28247070594387,1.17813848356422,"baseline_followup",29.28,6.93,7.4,5.08,0.2,NA,NA,NA,NA
"Ozdemir 2015",2,2,99,25,-3.62451975574059,0.959487546038618,"baseline_followup",29.88,6.17,5.72,2.99,0.2,NA,NA,NA,NA
"Solati 2016",2,1,53,20,-1.24549039071842,1.12741921320166,"baseline_followup",42.65,4.86,37.09,2.26,0.2,NA,NA,NA,NA
"Solati 2016",2,2,76,20,-1.95335903004759,0.992337805237889,"baseline_followup",41.45,3.83,32.73,2.95,0.2,NA,NA,NA,NA
"Tong 2020",2,1,53,45,-3.23809523809524,1.02412273389809,"baseline_followup",29.73,5.1,13.07,2.54,0.2,NA,NA,NA,NA
"Tong 2020",2,2,76,43,-3.70068027210884,1.10089265098321,"baseline_followup",30.16,5.1,11.12,3.58,0.2,NA,NA,NA,NA
"DeJonghe 2001/Kool 2003",2,1,53,20,-1.14906781199946,1.2382986373566,"baseline_followup",21.2,5.64,12.1,9.01,0.2,NA,NA,NA,NA
"DeJonghe 2001/Kool 2003",2,2,82,23,-1.08719492981487,0.936787078450454,"baseline_followup",19.7,4.8,11.09,6.52,0.2,NA,NA,NA,NA
"Sharma 2005",2,1,53,15,-1.79021504568726,1.2086955106613,"baseline_followup",19.47,3.98,11.53,4.26,0.2,NA,NA,NA,NA
"Sharma 2005",2,2,92,15,-2.93108256850559,1.27800371925271,"baseline_followup",21.27,4.35,8.27,4.37,0.2,NA,NA,NA,NA
"Quah-Smith 2013",2,1,54,22,-1.17308850013156,0.932879956773184,"baseline_followup",21.05,3.65,14.14,4.78,0.2,NA,NA,NA,NA
"Quah-Smith 2013",2,2,58,25,-1.99306208271267,1.1713767424482,"baseline_followup",21.02,3.51,9.28,6.55,0.2,NA,NA,NA,NA
"Gerber 2020",2,1,60,14,-0.907769342421875,1.28393166912762,"baseline_followup",27.6,10,17.1,12.5,0.2,NA,NA,NA,NA
"Gerber 2020",2,2,61,11,-0.942351031656994,0.911334443313224,"baseline_followup",24.9,6.6,14,9.2,0.2,NA,NA,NA,NA
"Krogh 2012",2,1,60,56,-1.20765040475874,1.12289681084866,"baseline_followup",19.2,4.7,11.3,6.6,0.2,NA,NA,NA,NA
"Krogh 2012",2,2,61,59,-1.23822383272732,1.05187488272222,"baseline_followup",18.6,4,10.5,6.4,0.2,NA,NA,NA,NA
"Rohini 2000",2,1,65,15,-2.86721810414102,1.05451235728386,"baseline_followup",32.8,6.9,11.1,5.2,0.2,NA,NA,NA,NA
"Rohini 2000",2,2,65,15,-2.0480129315293,1.33129858573842,"baseline_followup",31.1,7.8,15.6,7.7,0.2,NA,NA,NA,NA
"Hopko 2003",2,1,68,10,-0.992430820365323,0.878513525894365,"baseline_followup",35.1,7.4,19.1,13.1,0.2,NA,NA,NA,NA
"Hopko 2003",2,2,79,15,-0.427985791282546,1.24612882562831,"baseline_followup",37.1,13.4,30.2,17,0.2,NA,NA,NA,NA
"Maina 2007",2,1,80,17,-2.37729131821653,0.99422338782317,"baseline_followup",19.53,2.035,9.47,4.002,0.2,NA,NA,NA,NA
"Maina 2007",2,2,83,18,-2.56161410432079,1.18413391728656,"baseline_followup",20.67,4.256,9.83,3.417,0.2,NA,NA,NA,NA
"Dekker 2005",2,1,82,45,-1.14116527548216,0.98394809118868,"baseline_followup",19.4,3.8,11.1,6.8,0.2,NA,NA,NA,NA
"Dekker 2005",2,2,82,45,-1.12741629625948,1.10717936841605,"baseline_followup",20.3,4.4,12.1,7.6,0.2,NA,NA,NA,NA
"Kasper 2005a",3,1,1,180,-3.45944746783708,1.06500810576175,"binary_response_converted",28.6,4.2,NA,NA,NA,85,0.472222222222222,0.5,-14.3
"Kasper 2005a",3,2,41,174,-3.35903339401504,0.963578762355868,"binary_response_converted",28.2,3.8,NA,NA,NA,78,0.448275862068966,0.5,-14.1
"Kasper 2005a",3,3,42,164,-3.20686646102605,0.963578762355868,"binary_response_converted",28.5,3.8,NA,NA,NA,61,0.371951219512195,0.5,-14.25
"Nemeroff 2007",3,1,1,102,-3.21020954102119,1.02057943768988,"binary_response_converted",23.7,3.3,NA,NA,NA,37,0.362745098039216,0.5,-11.85
"Nemeroff 2007",3,2,42,104,-3.40032766015413,0.989652788062919,"binary_response_converted",23.7,3.2,NA,NA,NA,45,0.432692307692308,0.5,-11.85
"Nemeroff 2007",3,3,52,102,-3.53757748015356,0.989652788062919,"binary_response_converted",23.5,3.2,NA,NA,NA,51,0.5,0.5,-11.75
"Goldstein 2004",3,1,1,89,-1.18986176171794,1.02050388216233,"binary_response_converted",17.2,5.08,NA,NA,NA,28,0.314606741573034,0.5,-8.6
"Goldstein 2004",3,2,43,87,-1.4855659997384,1.04260140716978,"binary_response_converted",17.83,5.19,NA,NA,NA,35,0.402298850574713,0.5,-8.915
"Goldstein 2004",3,3,51,91,-1.75856252031304,0.936131513952057,"binary_response_converted",17.86,4.66,NA,NA,NA,46,0.505494505494505,0.5,-8.93
"Feighner 1982",3,1,1,45,-1.68297421058387,0.956239727225211,"binary_response_converted",27.36,3.96,NA,NA,NA,9,0.2,0.4,-10.944
"Feighner 1982",3,2,48,48,-2.50077798272145,1.06973282616356,"binary_response_converted",26.94,4.43,NA,NA,NA,25,0.520833333333333,0.4,-10.776
"Feighner 1982",3,3,49,46,-2.71386831718187,0.9658987143689,"binary_response_converted",26.98,4,NA,NA,NA,28,0.608695652173913,0.4,-10.792
"Allen 2006",3,1,4,52,-1.52432436611361,0.89746910444031,"binary_response_converted",22.8,4.2,NA,NA,NA,9,0.173076923076923,0.5,-11.4
"Allen 2006",3,2,56,52,-1.91682644986937,1.06841560052418,"binary_response_converted",22,5,NA,NA,NA,19,0.365384615384615,0.5,-11
"Allen 2006",3,3,59,53,-1.46124192306045,1.02567897650321,"binary_response_converted",22.1,4.8,NA,NA,NA,11,0.207547169811321,0.5,-11.05
"Roose 2004",2,1,1,90,-2.57399365492384,0.951706793691223,"binary_response_converted",24.2,3.9,NA,NA,NA,34,0.377777777777778,0.5,-12.1
"Roose 2004",2,2,40,84,-2.57616363418711,1.04931774689032,"binary_response_converted",24.4,4.3,NA,NA,NA,32,0.380952380952381,0.5,-12.2
"Ratti 2011_study 096",2,1,1,123,-2.15943744626038,1.03290537903899,"binary_response_converted",22.5,5.9,NA,NA,NA,73,0.59349593495935,0.5,-11.25
"Ratti 2011_study 096",2,2,43,113,-2.12349136432361,0.962877895714309,"binary_response_converted",22.8,5.5,NA,NA,NA,65,0.575221238938053,0.5,-11.4
"Rickels 1992",2,1,1,56,-1.35315796198176,0.977574505042935,"binary_response_converted",25.9,5.46,NA,NA,NA,10,0.178571428571429,0.5,-12.95
"Rickels 1992",2,2,43,55,-2.06798886416791,1.02233524245333,"binary_response_converted",26.8,5.71,NA,NA,NA,22,0.4,0.5,-13.4
"Gual 2003",2,1,1,39,-1.14348102660446,1.07579820378195,"binary_response_converted",22.4,8,NA,NA,NA,15,0.384615384615385,0.5,-11.2
"Gual 2003",2,2,44,44,-1.31779097080791,0.927875950761936,"binary_response_converted",22.7,6.9,NA,NA,NA,19,0.431818181818182,0.5,-11.35
"Valle-Cabrera 2018",2,1,1,38,-3.87900861494042,1.09421760010687,"binary_response_converted",23.3,2.8,NA,NA,NA,12,0.315789473684211,0.5,-11.65
"Valle-Cabrera 2018",2,2,44,39,-4.83611995494185,0.898821600087783,"binary_response_converted",22.9,2.3,NA,NA,NA,28,0.717948717948718,0.5,-11.45
"Bakish 1992b",2,1,1,56,-2.82577561561454,1.01892493027173,"binary_response_converted",23.04,3.56,NA,NA,NA,20,0.357142857142857,0.5,-11.52
"Bakish 1992b",2,2,45,59,-3.35201147588147,0.981716997424724,"binary_response_converted",22.81,3.43,NA,NA,NA,34,0.576271186440678,0.5,-11.405
"Rickels 1994",2,1,1,95,-4.91298594380287,1.03029694432365,"binary_response_converted",23.5,2.14,NA,NA,NA,27,0.284210526315789,0.5,-11.75
"Rickels 1994",2,2,48,92,-5.27989121271361,0.96770881219184,"binary_response_converted",24.3,2.01,NA,NA,NA,31,0.33695652173913,0.5,-12.15
"Versiani 1989",2,1,1,162,-4.2935445013515,0.989989986301933,"binary_response_converted",25.4,5,NA,NA,NA,157,0.969135802469136,0.5,-12.7
"Versiani 1989",2,2,48,164,-3.92132615893087,1.00978978602797,"binary_response_converted",25.5,5.1,NA,NA,NA,152,0.926829268292683,0.5,-12.75
"Mahableshwarkar 2015a",2,1,1,161,-3.27500799744612,0.975895037507169,"binary_response_converted",31.6,4.18,NA,NA,NA,60,0.372670807453416,0.5,-15.8
"Mahableshwarkar 2015a",2,2,51,152,-3.80643496554694,1.02492325709485,"binary_response_converted",32.9,4.39,NA,NA,NA,80,0.526315789473684,0.5,-16.45
"Hewett 2009",2,1,1,197,-3.04534901183415,1.01231921568829,"binary_response_converted",30.4,4.77,NA,NA,NA,91,0.461928934010152,0.5,-15.2
"Hewett 2009",2,2,52,187,-3.45813028319601,0.986852065608079,"binary_response_converted",30,4.65,NA,NA,NA,120,0.641711229946524,0.5,-15
"Van Moffaert 1995b",2,1,6,100,-3.11089288111764,0.979804058780407,"binary_response_converted",29.2,4.9,NA,NA,NA,61,0.61,0.5,-14.6
"Van Moffaert 1995b",2,2,7,100,-2.69848038794633,1.01979606117961,"binary_response_converted",27.5,5.1,NA,NA,NA,51,0.51,0.5,-13.75
"Hong 2003",2,1,6,66,-2.25076998311985,0.990244593210515,"binary_response_converted",23.1,5.1,NA,NA,NA,35,0.53030303030303,0.5,-11.55
"Hong 2003",2,2,42,66,-2.17432779246966,1.0096611538617,"binary_response_converted",24.3,5.2,NA,NA,NA,30,0.454545454545455,0.5,-12.15
"Benkert 2000",2,1,6,139,-3.43512901428399,1.01509291461626,"binary_response_converted",22.4,3.3,NA,NA,NA,74,0.532374100719424,0.5,-11.2
"Benkert 2000",2,2,43,136,-3.31669746444924,0.984332523264253,"binary_response_converted",22.4,3.2,NA,NA,NA,66,0.485294117647059,0.5,-11.2
"Kim 2011",2,1,6,30,-4.13935236618882,1,"binary_response_converted",22.9,2.9,NA,NA,NA,19,0.633333333333333,0.5,-11.45
"Kim 2011",2,2,43,30,-4.24482293113183,1,"binary_response_converted",23,2.9,NA,NA,NA,20,0.666666666666667,0.5,-11.5
"Schatzberg 2002",2,1,6,128,-3.42407767295929,1,"binary_response_converted",22.2,3.5,NA,NA,NA,81,0.6328125,0.5,-11.1
"Schatzberg 2002",2,2,43,126,-3.2328683811927,1,"binary_response_converted",22.4,3.5,NA,NA,NA,69,0.547619047619048,0.5,-11.2
"Richou 1995",2,1,6,87,-2.6163958892658,1.02665213122077,"binary_response_converted",27.7,5.7,NA,NA,NA,50,0.574712643678161,0.5,-13.85
"Richou 1995",2,2,47,87,-2.54724089977178,0.972617808524939,"binary_response_converted",26.7,5.4,NA,NA,NA,51,0.586206896551724,0.5,-13.35
"Egede 2015",2,1,8,121,-0.400350039846113,1.0244521185741,"binary_response_converted",26.8,10.3,NA,NA,NA,23,0.190082644628099,0.5,-13.4
"Egede 2015",2,2,8,120,-0.318785538350111,0.974721433206421,"binary_response_converted",26.7,9.8,NA,NA,NA,19,0.158333333333333,0.5,-13.35
"Jordan 2014",2,1,11,25,-1.64826212863438,0.96731001690588,"binary_response_converted",22.6,7.2,NA,NA,NA,11,0.44,0.6,-13.56
"Jordan 2014",2,2,13,23,-2.013880735295,1.03448432363546,"binary_response_converted",24.7,7.7,NA,NA,NA,12,0.521739130434783,0.6,-14.82
"Husain 2014",2,1,14,33,-2.56340051278465,1.04990241544975,"binary_response_converted",19.8,4.1,NA,NA,NA,18,0.545454545454545,0.5,-9.9
"Husain 2014",2,2,42,33,-2.7966881439288,0.94747291150343,"binary_response_converted",21.2,3.7,NA,NA,NA,19,0.575757575757576,0.5,-10.6
"Colonna 2005",2,1,40,182,-3.95439285248978,1.04250300195968,"binary_response_converted",30.2,4.7,NA,NA,NA,136,0.747252747252747,0.5,-15.1
"Colonna 2005",2,2,41,175,-3.84093686206315,0.953779342218429,"binary_response_converted",29.5,4.3,NA,NA,NA,132,0.754285714285714,0.5,-14.75
"Gagiano 1993",2,1,42,45,-2.7014932341787,1.03043513128151,"binary_response_converted",24.5,5,NA,NA,NA,27,0.6,0.5,-12.25
"Gagiano 1993",2,2,43,45,-2.90615756572702,0.968609023404621,"binary_response_converted",25,4.7,NA,NA,NA,30,0.666666666666667,0.5,-12.5
"Finkel 1999",2,1,42,33,-2.34022022083929,1.07008918055081,"binary_response_converted",25.4,5,NA,NA,NA,13,0.393939393939394,0.5,-12.7
"Finkel 1999",2,2,44,42,-2.55680716438049,0.941678478884709,"binary_response_converted",24.2,4.4,NA,NA,NA,22,0.523809523809524,0.5,-12.1
"Alves 1999",2,1,42,47,-3.06995751263779,0.858483674657346,"binary_response_converted",26.9,3.9,NA,NA,NA,28,0.595744680851064,0.5,-13.45
"Alves 1999",2,2,52,40,-3.40735796403152,1.14464489954313,"binary_response_converted",27.9,5.2,NA,NA,NA,26,0.65,0.5,-13.95
"Tzanakaki 2000",2,1,42,54,-2.39084898126424,1,"binary_response_converted",27.1,5.6,NA,NA,NA,28,0.518518518518518,0.5,-13.55
"Tzanakaki 2000",2,2,52,55,-2.5186877855329,1,"binary_response_converted",27.8,5.6,NA,NA,NA,30,0.545454545454545,0.5,-13.9
"Hwang 2004",2,1,43,53,-3.57610609094464,1.00842650238366,"binary_response_converted",27.3,5.9,NA,NA,NA,48,0.905660377358491,0.5,-13.65
"Hwang 2004",2,2,52,52,-3.15418765972509,0.991334527766991,"binary_response_converted",26.9,5.8,NA,NA,NA,43,0.826923076923077,0.5,-13.45
"Mehtonen 2000",2,1,44,72,-3.30952907998481,1.11916611501786,"binary_response_converted",25.8,4.5,NA,NA,NA,41,0.569444444444444,0.5,-12.9
"Mehtonen 2000",2,2,52,75,-3.41999234400314,0.870462533902776,"binary_response_converted",25.5,3.5,NA,NA,NA,49,0.653333333333333,0.5,-12.75
"Gentil 2000",2,1,45,59,-4.50410684609435,1.03113862637508,"binary_response_converted",24.5,3.2,NA,NA,NA,44,0.745762711864407,0.5,-12.25
"Gentil 2000",2,2,52,57,-4.39412260110446,0.966692462226635,"binary_response_converted",23.9,3,NA,NA,NA,43,0.754385964912281,0.5,-11.95
"Benkert 1996",2,1,48,82,-3.19120748768752,0.956409617824864,"binary_response_converted",35.9,5.7,NA,NA,NA,50,0.609756097560976,0.5,-17.95
"Benkert 1996",2,2,52,85,-3.04505921885914,1.04030519833582,"binary_response_converted",36.8,6.2,NA,NA,NA,44,0.517647058823529,0.5,-18.4
"Badyal 2005",2,1,51,13,-6.76269478872956,1.05117666245527,"binary_response_converted",26.73,2.5,NA,NA,NA,12,0.923076923076923,0.5,-13.365
"Badyal 2005",2,2,52,13,-7.00894142669603,0.946058996209746,"binary_response_converted",28.7,2.25,NA,NA,NA,12,0.923076923076923,0.5,-14.35
