"studyid","na","arm","treatment","n","mean_change","sd_change","source","y_baseline","sd_baseline","y_followup","sd_followup","r_used","responders","p_response","q","cutoff"
"Kinoshita 2009",4,1,1,70,-10.4,7.5,"change_from_baseline",NA,NA,NA,NA,NA,NA,NA,NA,NA
"Jefferson 2000",4,1,1,101,-12.1,11.05,"change_from_baseline",NA,NA,NA,NA,NA,NA,NA,NA,NA
"Burke 2002",4,1,1,119,-9.4,9.82,"change_from_baseline",NA,NA,NA,NA,NA,NA,NA,NA,NA
"Wernicke 1987",4,1,1,48,-5.7,8.6,"change_from_baseline",NA,NA,NA,NA,NA,NA,NA,NA,NA
"Lam 2016",4,1,1,30,-6.5,9.6,"change_from_baseline",NA,NA,NA,NA,NA,NA,NA,NA,NA
"Detke 2004",4,1,1,93,-8.8,4.82,"change_from_baseline",NA,NA,NA,NA,NA,NA,NA,NA,NA
"Fabre 1995a",4,1,1,86,-7.6,7.5,"change_from_baseline",NA,NA,NA,NA,NA,NA,NA,NA,NA
"Blumenthal 2007/Hoffman 2011",4,1,1,49,-6.1,7.3,"change_from_baseline",NA,NA,NA,NA,NA,NA,NA,NA,NA
"Khoshnab 2017",4,1,3,15,-1.56,3.09838667696593,"change_from_baseline",NA,NA,NA,NA,NA,NA,NA,NA,NA
"Zu 2014",4,1,5,16,-7.8,7,"change_from_baseline",NA,NA,NA,NA,NA,NA,NA,NA,NA
"003-008 (FDA)",3,1,1,28,-9.6,7.7,"change_from_baseline",NA,NA,NA,NA,NA,NA,NA,NA,NA
"MIR 003-020 (FDA)",3,1,1,39,-4.8,6.4,"change_from_baseline",NA,NA,NA,NA,NA,NA,NA,NA,NA
"MIR 003-021 (FDA)",3,1,1,48,-9.5,8.9,"change_from_baseline",NA,NA,NA,NA,NA,NA,NA,NA,NA
"Montgomery 1992",3,1,1,64,-10.56,7.76,"change_from_baseline",NA,NA,NA,NA,NA,NA,NA,NA,NA
"Study 89306 (FDA)",3,1,1,88,-15.95,13.22,"change_from_baseline",NA,NA,NA,NA,NA,NA,NA,NA,NA
"Forest Laboratories 2000",3,1,1,125,-11.2,10.35,"change_from_baseline",NA,NA,NA,NA,NA,NA,NA,NA,NA
"Forest Laboratories 2010",3,1,1,215,-8.5,8.8,"change_from_baseline",NA,NA,NA,NA,NA,NA,NA,NA,NA
"Forest Research Institute 2005",3,1,1,132,-12.4,10.34,"change_from_baseline",NA,NA,NA,NA,NA,NA,NA,NA,NA
"Nierenberg 2007",3,1,1,137,-5.97,6.79,"change_from_baseline",NA,NA,NA,NA,NA,NA,NA,NA,NA
"Study 62b (FDA)",3,1,1,48,-5.69,8.65,"change_from_baseline",NA,NA,NA,NA,NA,NA,NA,NA,NA
"Wernicke 1988",3,1,1,77,-7,8.6,"change_from_baseline",NA,NA,NA,NA,NA,NA,NA,NA,NA
"Fava 1998a",3,1,1,19,-11.6,8.9,"change_from_baseline",NA,NA,NA,NA,NA,NA,NA,NA,NA
"MY-1045/BRL-029060/1 (PAR 128)",3,1,1,136,-9,8.63,"change_from_baseline",NA,NA,NA,NA,NA,NA,NA,NA,NA
"Stark 1985",3,1,1,169,-8.2,9,"change_from_baseline",NA,NA,NA,NA,NA,NA,NA,NA,NA
"Study F1J-MC-HMAQ - Study Group B",3,1,1,72,-7.1,6.96,"change_from_baseline",NA,NA,NA,NA,NA,NA,NA,NA,NA
"Golden 2002_448",3,1,1,101,-9.9,8.04,"change_from_baseline",NA,NA,NA,NA,NA,NA,NA,NA,NA
"Golden 2002_449",3,1,1,110,-10.2,8.18,"change_from_baseline",NA,NA,NA,NA,NA,NA,NA,NA,NA
"Higuchi 2011",3,1,1,171,-10.4,8.11,"change_from_baseline",NA,NA,NA,NA,NA,NA,NA,NA,NA
"29060 07 001",3,1,1,11,-10.91,9.38604815670578,"change_from_baseline",NA,NA,NA,NA,NA,NA,NA,NA,NA
"Fabre 1992",3,1,1,36,-3.06,8.1,"change_from_baseline",NA,NA,NA,NA,NA,NA,NA,NA,NA
"Eli Lilly HMAT-A",3,1,1,89,-4.78,6.42,"change_from_baseline",NA,NA,NA,NA,NA,NA,NA,NA,NA
"Higuchi 2009",3,1,1,145,-8.3,5.8,"change_from_baseline",NA,NA,NA,NA,NA,NA,NA,NA,NA
"VEN XR 367 (FDA)",3,1,1,81,-13.1,10.63,"change_from_baseline",NA,NA,NA,NA,NA,NA,NA,NA,NA
"Reimherr 1990",3,1,1,141,-8.16,7.85,"change_from_baseline",NA,NA,NA,NA,NA,NA,NA,NA,NA
"SER 315 (FDA)",3,1,1,73,-7.8,8,"change_from_baseline",NA,NA,NA,NA,NA,NA,NA,NA,NA
"Schweizer 1994",3,1,1,78,-10.2,9.6,"change_from_baseline",NA,NA,NA,NA,NA,NA,NA,NA,NA
"Higuchi 2016",3,1,1,182,-12.41,10.12,"change_from_baseline",NA,NA,NA,NA,NA,NA,NA,NA,NA
"VEN 600A-313 (FDA)",3,1,1,75,-9.49,8.2,"change_from_baseline",NA,NA,NA,NA,NA,NA,NA,NA,NA
"Wright 2005",3,1,4,15,-1.9,5.5,"change_from_baseline",NA,NA,NA,NA,NA,NA,NA,NA,NA
"Fava 2002a",3,1,42,88,-11.48,7.62,"change_from_baseline",NA,NA,NA,NA,NA,NA,NA,NA,NA
"Qu 2013",3,1,43,43,-11.3,4.6,"change_from_baseline",NA,NA,NA,NA,NA,NA,NA,NA,NA
"Whitmyer 2007",3,1,51,202,-7.43,6.4,"change_from_baseline",NA,NA,NA,NA,NA,NA,NA,NA,NA
"Perahia 2008a_study 2",3,1,51,159,-10.76,7.06,"change_from_baseline",NA,NA,NA,NA,NA,NA,NA,NA,NA
"Saloheimo 2016",3,1,53,34,-11.1,6.4,"change_from_baseline",NA,NA,NA,NA,NA,NA,NA,NA,NA
"Legrand 2016",3,1,53,10,-6.41,10,"change_from_baseline",NA,NA,NA,NA,NA,NA,NA,NA,NA
"Khan 1995",2,1,1,26,-6.3,8.1,"change_from_baseline",NA,NA,NA,NA,NA,NA,NA,NA,NA
"MIR 003-003 (FDA)",2,1,1,45,-8.8,8.1,"change_from_baseline",NA,NA,NA,NA,NA,NA,NA,NA,NA
"Sheehan 2009a",2,1,1,204,-9.3,7.9,"change_from_baseline",NA,NA,NA,NA,NA,NA,NA,NA,NA
"Zhang 2014",2,1,1,180,-8.29,6.5,"change_from_baseline",NA,NA,NA,NA,NA,NA,NA,NA,NA
"Mathews 2015",2,1,1,281,-13.6,10.06,"change_from_baseline",NA,NA,NA,NA,NA,NA,NA,NA,NA
"Bose 2008",2,1,1,134,-10.6,10.42,"change_from_baseline",NA,NA,NA,NA,NA,NA,NA,NA,NA
"Clayton 2006_study 1",2,1,1,130,-12.1,7.98,"change_from_baseline",NA,NA,NA,NA,NA,NA,NA,NA,NA
"Clayton 2006_study 2",2,1,1,126,-11.9,7.86,"change_from_baseline",NA,NA,NA,NA,NA,NA,NA,NA,NA
"Dube 2010",2,1,1,122,-13,8.84,"change_from_baseline",NA,NA,NA,NA,NA,NA,NA,NA,NA
"Forest Research Institute 2003",2,1,1,151,-10,10.57,"change_from_baseline",NA,NA,NA,NA,NA,NA,NA,NA,NA
"Kasper 2012",2,1,1,71,-13.4,9.27,"change_from_baseline",NA,NA,NA,NA,NA,NA,NA,NA,NA
"NCT01020799",2,1,1,94,-11.45,10.18,"change_from_baseline",NA,NA,NA,NA,NA,NA,NA,NA,NA
"Andreoli 2002/Dubini 1997/Massana 1998_study 1",2,1,1,128,-8.6,4.47,"change_from_baseline",NA,NA,NA,NA,NA,NA,NA,NA,NA
"Bjerkenstedt 2005",2,1,1,55,-9.7,7,"change_from_baseline",NA,NA,NA,NA,NA,NA,NA,NA,NA
"FDA 244 (EMD 68 843-009)",2,1,1,95,-9.3,7.8,"change_from_baseline",NA,NA,NA,NA,NA,NA,NA,NA,NA
"FDA 245 (EMD 68 843-010)",2,1,1,99,-10.2,7.96,"change_from_baseline",NA,NA,NA,NA,NA,NA,NA,NA,NA
"Sramek 1995",2,1,1,70,-6.4,6.7,"change_from_baseline",NA,NA,NA,NA,NA,NA,NA,NA,NA
"Tollefson 1993/1995",2,1,1,329,-6.4,7.1,"change_from_baseline",NA,NA,NA,NA,NA,NA,NA,NA,NA
"WELL AK1A4006",2,1,1,148,-12.2,9.73,"change_from_baseline",NA,NA,NA,NA,NA,NA,NA,NA,NA
"Baune 2018",2,1,1,48,-8,8.38,"change_from_baseline",NA,NA,NA,NA,NA,NA,NA,NA,NA
"Claghorn 1992a",2,1,1,27,-4.59,9.35,"change_from_baseline",NA,NA,NA,NA,NA,NA,NA,NA,NA
"Claghorn 1992b",2,1,1,27,-5.49,8.31,"change_from_baseline",NA,NA,NA,NA,NA,NA,NA,NA,NA
"Keller 2006_Study 062",2,1,1,154,-14,8.87,"change_from_baseline",NA,NA,NA,NA,NA,NA,NA,NA,NA
"M/2020/0046 (Study 046)",2,1,1,247,-11.5,8.45,"change_from_baseline",NA,NA,NA,NA,NA,NA,NA,NA,NA
"M/2020/0046 (Study 047)",2,1,1,239,-10.1,7.27,"change_from_baseline",NA,NA,NA,NA,NA,NA,NA,NA,NA
"Miller 1989a",2,1,1,22,-6.2,7.2,"change_from_baseline",NA,NA,NA,NA,NA,NA,NA,NA,NA
"MY-1042/BRL-029060/CPMS-251",2,1,1,123,-8.25,7.56,"change_from_baseline",NA,NA,NA,NA,NA,NA,NA,NA,NA
"NKD20006 (NCT00048204)",2,1,1,118,-10.9,7.8,"change_from_baseline",NA,NA,NA,NA,NA,NA,NA,NA,NA
"PAR 01 001 (GSK & FDA)",2,1,1,21,-11.33,7.93,"change_from_baseline",NA,NA,NA,NA,NA,NA,NA,NA,NA
"Rapaport 2009",2,1,1,178,-8.85,8,"change_from_baseline",NA,NA,NA,NA,NA,NA,NA,NA,NA
"Binnemann 2008",2,1,1,31,-10.18,7.57,"change_from_baseline",NA,NA,NA,NA,NA,NA,NA,NA,NA
"Kranzler 2006_Group A",2,1,1,100,-9.6,7.8,"change_from_baseline",NA,NA,NA,NA,NA,NA,NA,NA,NA
"Mundt 2012",2,1,1,50,-10.7,6.6,"change_from_baseline",NA,NA,NA,NA,NA,NA,NA,NA,NA
"Carman 1991",2,1,1,48,-7.5,7.76,"change_from_baseline",NA,NA,NA,NA,NA,NA,NA,NA,NA
"Katz 1993_Protocol 01",2,1,1,104,-8,7.76,"change_from_baseline",NA,NA,NA,NA,NA,NA,NA,NA,NA
"Katz 1993_Protocol 03",2,1,1,94,-8.7,7.76,"change_from_baseline",NA,NA,NA,NA,NA,NA,NA,NA,NA
"Spring 1992",2,1,1,15,-11.7,9,"change_from_baseline",NA,NA,NA,NA,NA,NA,NA,NA,NA
"Philipp 1999",2,1,1,46,-12.1,7.4,"change_from_baseline",NA,NA,NA,NA,NA,NA,NA,NA,NA
"Silverstone 1994",2,1,1,69,-10.6,4.34,"change_from_baseline",NA,NA,NA,NA,NA,NA,NA,NA,NA
"White 1984",2,1,1,45,-17,8.8,"change_from_baseline",NA,NA,NA,NA,NA,NA,NA,NA,NA
"Baldwin 2012",2,1,1,145,-14.8,9.63,"change_from_baseline",NA,NA,NA,NA,NA,NA,NA,NA,NA
"Boulenger 2014",2,1,1,158,-11.7,9.55,"change_from_baseline",NA,NA,NA,NA,NA,NA,NA,NA,NA
"Brannan 2005",2,1,1,136,-10.27,7.81,"change_from_baseline",NA,NA,NA,NA,NA,NA,NA,NA,NA
"Katona 2012",2,1,1,145,-10.3,9.63,"change_from_baseline",NA,NA,NA,NA,NA,NA,NA,NA,NA
"Mahableshwarkar 2013",2,1,1,149,-10.5,9.28,"change_from_baseline",NA,NA,NA,NA,NA,NA,NA,NA,NA
"Robinson 2014",2,1,1,95,-7.15,7.51,"change_from_baseline",NA,NA,NA,NA,NA,NA,NA,NA,NA
"Guelfi 1995",2,1,1,47,-4.8,11,"change_from_baseline",NA,NA,NA,NA,NA,NA,NA,NA,NA
"Hewett 2010",2,1,1,186,-13.2,10.64,"change_from_baseline",NA,NA,NA,NA,NA,NA,NA,NA,NA
"Mendels 1993",2,1,1,75,-10.53,8.98,"change_from_baseline",NA,NA,NA,NA,NA,NA,NA,NA,NA
"VEN 600A-303 (FDA)",2,1,1,79,-9.89,8.45,"change_from_baseline",NA,NA,NA,NA,NA,NA,NA,NA,NA
"Hatcher 2018",2,1,3,22,-7.1,7.5,"change_from_baseline",NA,NA,NA,NA,NA,NA,NA,NA,NA
"E-1569",2,1,6,72,-12.2,7.5,"change_from_baseline",NA,NA,NA,NA,NA,NA,NA,NA,NA
"Mullin 1996",2,1,6,71,-12.3,7.7,"change_from_baseline",NA,NA,NA,NA,NA,NA,NA,NA,NA
"Kang 2009",2,1,6,73,-12,10.9,"change_from_baseline",NA,NA,NA,NA,NA,NA,NA,NA,NA
"Beasley 1991a",2,1,7,57,-13.9,7.7,"change_from_baseline",NA,NA,NA,NA,NA,NA,NA,NA,NA
"Zhao 2006",2,1,7,55,-15.4,11.1,"change_from_baseline",NA,NA,NA,NA,NA,NA,NA,NA,NA
"Kasper 2005b",2,1,7,55,-14.6,4.89,"change_from_baseline",NA,NA,NA,NA,NA,NA,NA,NA,NA
"Tsutsui 2000",2,1,7,105,-9.7,9.2,"change_from_baseline",NA,NA,NA,NA,NA,NA,NA,NA,NA
"Munizza 2006",2,1,7,62,-12.9,9.06,"change_from_baseline",NA,NA,NA,NA,NA,NA,NA,NA,NA
"Fagiolini 2020",2,1,7,165,-12.9,6.82,"change_from_baseline",NA,NA,NA,NA,NA,NA,NA,NA,NA
"Salminen 2008",2,1,29,26,-11,6.44,"change_from_baseline",NA,NA,NA,NA,NA,NA,NA,NA,NA
"Cornelius 1997",2,1,37,26,-2,13.3,"change_from_baseline",NA,NA,NA,NA,NA,NA,NA,NA,NA
"Li 2006",2,1,40,28,-12.1,7.7,"change_from_baseline",NA,NA,NA,NA,NA,NA,NA,NA,NA
"Ou 2011",2,1,40,117,-13.8,7.5,"change_from_baseline",NA,NA,NA,NA,NA,NA,NA,NA,NA
"Yevtushenko 2007",2,1,40,108,-25.19,8.11,"change_from_baseline",NA,NA,NA,NA,NA,NA,NA,NA,NA
"Forest Research Institute 2004a",2,1,41,96,-19.4,9.01,"change_from_baseline",NA,NA,NA,NA,NA,NA,NA,NA,NA
"Kennedy 2005",2,1,41,96,-15.7,7.84,"change_from_baseline",NA,NA,NA,NA,NA,NA,NA,NA,NA
"Mao 2008",2,1,41,118,-20.9,8.1,"change_from_baseline",NA,NA,NA,NA,NA,NA,NA,NA,NA
"Ventura 2007",2,1,41,104,-19.1,9.18,"change_from_baseline",NA,NA,NA,NA,NA,NA,NA,NA,NA
"Khan 2007",2,1,41,110,-19.2,8.6,"change_from_baseline",NA,NA,NA,NA,NA,NA,NA,NA,NA
"Bielski 2004",2,1,41,97,-15.9,10.3,"change_from_baseline",NA,NA,NA,NA,NA,NA,NA,NA,NA
"Lam 2013",2,1,41,51,-14.3,8.3,"change_from_baseline",NA,NA,NA,NA,NA,NA,NA,NA,NA
"Chouinard 1999",2,1,42,98,-14.78,10.8894444302728,"change_from_baseline",NA,NA,NA,NA,NA,NA,NA,NA,NA
"DeWilde 1993",2,1,42,41,-15,10.3,"change_from_baseline",NA,NA,NA,NA,NA,NA,NA,NA,NA
"Ontiveros 1997",2,1,42,52,-15.7,9.5,"change_from_baseline",NA,NA,NA,NA,NA,NA,NA,NA,NA
"Beasley 1993b",2,1,42,65,-12.9,9.9,"change_from_baseline",NA,NA,NA,NA,NA,NA,NA,NA,NA
"Preskorn 1991",2,1,42,29,-10.1,7.8,"change_from_baseline",NA,NA,NA,NA,NA,NA,NA,NA,NA
"Versiani 1999",2,1,42,77,-16.6,7.3,"change_from_baseline",NA,NA,NA,NA,NA,NA,NA,NA,NA
"Tollefson 1994",2,1,42,62,-10,6.7,"change_from_baseline",NA,NA,NA,NA,NA,NA,NA,NA,NA
"Akhondzadeh 2003",2,1,42,17,-16.82,11.08,"change_from_baseline",NA,NA,NA,NA,NA,NA,NA,NA,NA
"Hashemi 2012",2,1,42,48,-16.96,4.96,"change_from_baseline",NA,NA,NA,NA,NA,NA,NA,NA,NA
"DeNayer 2002",2,1,42,67,-10.4,8.6,"change_from_baseline",NA,NA,NA,NA,NA,NA,NA,NA,NA
"29060/299",2,1,43,102,-14.3,9.35,"change_from_baseline",NA,NA,NA,NA,NA,NA,NA,NA,NA
"Miura 2000",2,1,43,102,-9.2,11.5,"change_from_baseline",NA,NA,NA,NA,NA,NA,NA,NA,NA
"MDF/29060/III/070/88/MC",2,1,43,24,-20,8.59,"change_from_baseline",NA,NA,NA,NA,NA,NA,NA,NA,NA
"Chiu 1996",2,1,43,15,-20.2,9.1,"change_from_baseline",NA,NA,NA,NA,NA,NA,NA,NA,NA
"GSK_29060/103",2,1,43,45,-17.8,10.73,"change_from_baseline",NA,NA,NA,NA,NA,NA,NA,NA,NA
"Hao 2014",2,1,43,132,-12,7.1,"change_from_baseline",NA,NA,NA,NA,NA,NA,NA,NA,NA
"Owens 2008",2,1,43,40,-16.7,8.59,"change_from_baseline",NA,NA,NA,NA,NA,NA,NA,NA,NA
"Cohn 1990b",2,1,44,121,-13.3,7.76,"change_from_baseline",NA,NA,NA,NA,NA,NA,NA,NA,NA
"Moller 1998",2,1,44,62,-13.6,9.3,"change_from_baseline",NA,NA,NA,NA,NA,NA,NA,NA,NA
"Moller 2000",2,1,44,100,-13.8,7.2,"change_from_baseline",NA,NA,NA,NA,NA,NA,NA,NA,NA
"Forlenza 2001",2,1,44,27,-15.85,11.89,"change_from_baseline",NA,NA,NA,NA,NA,NA,NA,NA,NA
"Sir 2005",2,1,44,79,-15.9,8.44,"change_from_baseline",NA,NA,NA,NA,NA,NA,NA,NA,NA
"Doongaji 1993",2,1,45,63,-7.5,5.56,"change_from_baseline",NA,NA,NA,NA,NA,NA,NA,NA,NA
"Sauer 2003",2,1,45,75,-10.37,6.49,"change_from_baseline",NA,NA,NA,NA,NA,NA,NA,NA,NA
"Dubey 2012",2,1,48,30,-25.53,7.82,"change_from_baseline",NA,NA,NA,NA,NA,NA,NA,NA,NA
"Perahia 2008b",2,1,51,481,-12.42,8.77,"change_from_baseline",NA,NA,NA,NA,NA,NA,NA,NA,NA
"Perahia 2008a_study 1",2,1,51,159,-11.32,6.56,"change_from_baseline",NA,NA,NA,NA,NA,NA,NA,NA,NA
"Quah-Smith 2005",2,1,54,12,-6.8,7.71,"change_from_baseline",NA,NA,NA,NA,NA,NA,NA,NA,NA
"Andreescu 2011",2,1,55,22,-7.9,7.4,"change_from_baseline",NA,NA,NA,NA,NA,NA,NA,NA,NA
"Kinoshita 2009",4,2,6,65,-13.3,6.8,"change_from_baseline",NA,NA,NA,NA,NA,NA,NA,NA,NA
"Jefferson 2000",4,2,40,104,-15,10.2,"change_from_baseline",NA,NA,NA,NA,NA,NA,NA,NA,NA
"Burke 2002",4,2,40,125,-12,10.06,"change_from_baseline",NA,NA,NA,NA,NA,NA,NA,NA,NA
"Wernicke 1987",4,2,42,97,-9.8,8.5,"change_from_baseline",NA,NA,NA,NA,NA,NA,NA,NA,NA
"Lam 2016",4,2,42,31,-8.8,9.9,"change_from_baseline",NA,NA,NA,NA,NA,NA,NA,NA,NA
"Detke 2004",4,2,43,85,-11.7,4.61,"change_from_baseline",NA,NA,NA,NA,NA,NA,NA,NA,NA
"Fabre 1995a",4,2,44,90,-10.6,8.6,"change_from_baseline",NA,NA,NA,NA,NA,NA,NA,NA,NA
"Blumenthal 2007/Hoffman 2011",4,2,44,49,-6.1,6.7,"change_from_baseline",NA,NA,NA,NA,NA,NA,NA,NA,NA
"Khoshnab 2017",4,2,44,15,-1.92,6.19677335393187,"change_from_baseline",NA,NA,NA,NA,NA,NA,NA,NA,NA
"Zu 2014",4,2,10,12,-9.6,2.4,"change_from_baseline",NA,NA,NA,NA,NA,NA,NA,NA,NA
"003-008 (FDA)",3,2,6,30,-7.6,7.7,"change_from_baseline",NA,NA,NA,NA,NA,NA,NA,NA,NA
"MIR 003-020 (FDA)",3,2,6,40,-10.6,8.7,"change_from_baseline",NA,NA,NA,NA,NA,NA,NA,NA,NA
"MIR 003-021 (FDA)",3,2,6,45,-11.7,7.6,"change_from_baseline",NA,NA,NA,NA,NA,NA,NA,NA,NA
"Montgomery 1992",3,2,40,68,-11.51,7.76,"change_from_baseline",NA,NA,NA,NA,NA,NA,NA,NA,NA
"Study 89306 (FDA)",3,2,40,88,-17.94,12.91,"change_from_baseline",NA,NA,NA,NA,NA,NA,NA,NA,NA
"Forest Laboratories 2000",3,2,40,119,-13,9.79,"change_from_baseline",NA,NA,NA,NA,NA,NA,NA,NA,NA
"Forest Laboratories 2010",3,2,41,319,-11.5,8.93,"change_from_baseline",NA,NA,NA,NA,NA,NA,NA,NA,NA
"Forest Research Institute 2005",3,2,41,131,-15.8,10.3,"change_from_baseline",NA,NA,NA,NA,NA,NA,NA,NA,NA
"Nierenberg 2007",3,2,41,274,-7.22,6.62,"change_from_baseline",NA,NA,NA,NA,NA,NA,NA,NA,NA
"Study 62b (FDA)",3,2,42,97,-9.78,8.47,"change_from_baseline",NA,NA,NA,NA,NA,NA,NA,NA,NA
"Wernicke 1988",3,2,42,91,-10,8.4,"change_from_baseline",NA,NA,NA,NA,NA,NA,NA,NA,NA
"Fava 1998a",3,2,42,54,-10.8,9.5,"change_from_baseline",NA,NA,NA,NA,NA,NA,NA,NA,NA
"MY-1045/BRL-029060/1 (PAR 128)",3,2,42,344,-13,8.72,"change_from_baseline",NA,NA,NA,NA,NA,NA,NA,NA,NA
"Stark 1985",3,2,42,185,-11,10.1,"change_from_baseline",NA,NA,NA,NA,NA,NA,NA,NA,NA
"Study F1J-MC-HMAQ - Study Group B",3,2,42,37,-7.63,7,"change_from_baseline",NA,NA,NA,NA,NA,NA,NA,NA,NA
"Golden 2002_448",3,2,43,102,-12.7,8.08,"change_from_baseline",NA,NA,NA,NA,NA,NA,NA,NA,NA
"Golden 2002_449",3,2,43,108,-13.3,8.21,"change_from_baseline",NA,NA,NA,NA,NA,NA,NA,NA,NA
"Higuchi 2011",3,2,43,158,-12.8,7.67,"change_from_baseline",NA,NA,NA,NA,NA,NA,NA,NA,NA
"29060 07 001",3,2,43,12,-13.08,10.2190997646564,"change_from_baseline",NA,NA,NA,NA,NA,NA,NA,NA,NA
"Fabre 1992",3,2,43,38,-9.13,8.13702648391905,"change_from_baseline",NA,NA,NA,NA,NA,NA,NA,NA,NA
"Eli Lilly HMAT-A",3,2,43,87,-7.4,6.44,"change_from_baseline",NA,NA,NA,NA,NA,NA,NA,NA,NA
"Higuchi 2009",3,2,43,148,-9.4,6.9,"change_from_baseline",NA,NA,NA,NA,NA,NA,NA,NA,NA
"VEN XR 367 (FDA)",3,2,43,80,-11.26,10.55,"change_from_baseline",NA,NA,NA,NA,NA,NA,NA,NA,NA
"Reimherr 1990",3,2,44,142,-11.66,8.24,"change_from_baseline",NA,NA,NA,NA,NA,NA,NA,NA,NA
"SER 315 (FDA)",3,2,44,76,-8.9,4.52,"change_from_baseline",NA,NA,NA,NA,NA,NA,NA,NA,NA
"Schweizer 1994",3,2,48,71,-13.1,8.9,"change_from_baseline",NA,NA,NA,NA,NA,NA,NA,NA,NA
"Higuchi 2016",3,2,52,172,-15.3,10.1,"change_from_baseline",NA,NA,NA,NA,NA,NA,NA,NA,NA
"VEN 600A-313 (FDA)",3,2,52,72,-10.92,6.63,"change_from_baseline",NA,NA,NA,NA,NA,NA,NA,NA,NA
"Wright 2005",3,2,11,15,-8.3,6.6,"change_from_baseline",NA,NA,NA,NA,NA,NA,NA,NA,NA
"Fava 2002a",3,2,43,93,-12.32,7.63,"change_from_baseline",NA,NA,NA,NA,NA,NA,NA,NA,NA
"Qu 2013",3,2,95,49,-15.7,5.1,"change_from_baseline",NA,NA,NA,NA,NA,NA,NA,NA,NA
"Whitmyer 2007",3,2,51,195,-7.46,6.42,"change_from_baseline",NA,NA,NA,NA,NA,NA,NA,NA,NA
"Perahia 2008a_study 2",3,2,52,166,-10.73,7.09,"change_from_baseline",NA,NA,NA,NA,NA,NA,NA,NA,NA
"Saloheimo 2016",3,2,78,38,-9.1,6.4,"change_from_baseline",NA,NA,NA,NA,NA,NA,NA,NA,NA
"Legrand 2016",3,2,87,14,-17.22,6.49,"change_from_baseline",NA,NA,NA,NA,NA,NA,NA,NA,NA
"Khan 1995",2,2,6,26,-12,7.8,"change_from_baseline",NA,NA,NA,NA,NA,NA,NA,NA,NA
"MIR 003-003 (FDA)",2,2,6,45,-10.4,8.7,"change_from_baseline",NA,NA,NA,NA,NA,NA,NA,NA,NA
"Sheehan 2009a",2,2,7,202,-11.4,8.2,"change_from_baseline",NA,NA,NA,NA,NA,NA,NA,NA,NA
"Zhang 2014",2,2,7,183,-11.07,6.5,"change_from_baseline",NA,NA,NA,NA,NA,NA,NA,NA,NA
"Mathews 2015",2,2,40,280,-15.9,10.04,"change_from_baseline",NA,NA,NA,NA,NA,NA,NA,NA,NA
"Bose 2008",2,2,41,129,-12.1,10.22,"change_from_baseline",NA,NA,NA,NA,NA,NA,NA,NA,NA
"Clayton 2006_study 1",2,2,41,133,-14.2,8.07,"change_from_baseline",NA,NA,NA,NA,NA,NA,NA,NA,NA
"Clayton 2006_study 2",2,2,41,133,-12.9,8.07,"change_from_baseline",NA,NA,NA,NA,NA,NA,NA,NA,NA
"Dube 2010",2,2,41,54,-15,8.82,"change_from_baseline",NA,NA,NA,NA,NA,NA,NA,NA,NA
"Forest Research Institute 2003",2,2,41,143,-13.3,10.62,"change_from_baseline",NA,NA,NA,NA,NA,NA,NA,NA,NA
"Kasper 2012",2,2,41,139,-19,10.61,"change_from_baseline",NA,NA,NA,NA,NA,NA,NA,NA,NA
"NCT01020799",2,2,41,49,-11.7,10.99,"change_from_baseline",NA,NA,NA,NA,NA,NA,NA,NA,NA
"Andreoli 2002/Dubini 1997/Massana 1998_study 1",2,2,42,127,-13.3,4.6,"change_from_baseline",NA,NA,NA,NA,NA,NA,NA,NA,NA
"Bjerkenstedt 2005",2,2,42,54,-8.9,8,"change_from_baseline",NA,NA,NA,NA,NA,NA,NA,NA,NA
"FDA 244 (EMD 68 843-009)",2,2,42,89,-9.1,7.4,"change_from_baseline",NA,NA,NA,NA,NA,NA,NA,NA,NA
"FDA 245 (EMD 68 843-010)",2,2,42,92,-11.1,7.67,"change_from_baseline",NA,NA,NA,NA,NA,NA,NA,NA,NA
"Sramek 1995",2,2,42,72,-8.6,6.3,"change_from_baseline",NA,NA,NA,NA,NA,NA,NA,NA,NA
"Tollefson 1993/1995",2,2,42,326,-8.1,7.6,"change_from_baseline",NA,NA,NA,NA,NA,NA,NA,NA,NA
"WELL AK1A4006",2,2,42,146,-13.9,10.87,"change_from_baseline",NA,NA,NA,NA,NA,NA,NA,NA,NA
"Baune 2018",2,2,43,52,-15.96,8.58,"change_from_baseline",NA,NA,NA,NA,NA,NA,NA,NA,NA
"Claghorn 1992a",2,2,43,32,-10.72,9.39,"change_from_baseline",NA,NA,NA,NA,NA,NA,NA,NA,NA
"Claghorn 1992b",2,2,43,32,-11.44,8.32,"change_from_baseline",NA,NA,NA,NA,NA,NA,NA,NA,NA
"Keller 2006_Study 062",2,2,43,161,-17.25,8.05,"change_from_baseline",NA,NA,NA,NA,NA,NA,NA,NA,NA
"M/2020/0046 (Study 046)",2,2,43,243,-12.5,8.45,"change_from_baseline",NA,NA,NA,NA,NA,NA,NA,NA,NA
"M/2020/0046 (Study 047)",2,2,43,242,-11.8,7.64,"change_from_baseline",NA,NA,NA,NA,NA,NA,NA,NA,NA
"Miller 1989a",2,2,43,19,-6,5.9,"change_from_baseline",NA,NA,NA,NA,NA,NA,NA,NA,NA
"MY-1042/BRL-029060/CPMS-251",2,2,43,120,-10.23,7.67,"change_from_baseline",NA,NA,NA,NA,NA,NA,NA,NA,NA
"NKD20006 (NCT00048204)",2,2,43,117,-11.1,7.9,"change_from_baseline",NA,NA,NA,NA,NA,NA,NA,NA,NA
"PAR 01 001 (GSK & FDA)",2,2,43,22,-13.36,7.93,"change_from_baseline",NA,NA,NA,NA,NA,NA,NA,NA,NA
"Rapaport 2009",2,2,43,173,-12.11,8.02,"change_from_baseline",NA,NA,NA,NA,NA,NA,NA,NA,NA
"Binnemann 2008",2,2,44,30,-13.42,7.61,"change_from_baseline",NA,NA,NA,NA,NA,NA,NA,NA,NA
"Kranzler 2006_Group A",2,2,44,89,-10.8,6.5,"change_from_baseline",NA,NA,NA,NA,NA,NA,NA,NA,NA
"Mundt 2012",2,2,44,55,-13.4,5.7,"change_from_baseline",NA,NA,NA,NA,NA,NA,NA,NA,NA
"Carman 1991",2,2,45,48,-13.5,7.76,"change_from_baseline",NA,NA,NA,NA,NA,NA,NA,NA,NA
"Katz 1993_Protocol 01",2,2,45,93,-13.7,7.76,"change_from_baseline",NA,NA,NA,NA,NA,NA,NA,NA,NA
"Katz 1993_Protocol 03",2,2,45,95,-12.9,7.76,"change_from_baseline",NA,NA,NA,NA,NA,NA,NA,NA,NA
"Spring 1992",2,2,45,10,-16.7,6,"change_from_baseline",NA,NA,NA,NA,NA,NA,NA,NA,NA
"Philipp 1999",2,2,48,105,-14.2,7.3,"change_from_baseline",NA,NA,NA,NA,NA,NA,NA,NA,NA
"Silverstone 1994",2,2,48,66,-11.8,4.25,"change_from_baseline",NA,NA,NA,NA,NA,NA,NA,NA,NA
"White 1984",2,2,50,40,-11.7,8.2,"change_from_baseline",NA,NA,NA,NA,NA,NA,NA,NA,NA
"Baldwin 2012",2,2,51,149,-16.8,9.77,"change_from_baseline",NA,NA,NA,NA,NA,NA,NA,NA,NA
"Boulenger 2014",2,2,51,146,-21.15,9.3,"change_from_baseline",NA,NA,NA,NA,NA,NA,NA,NA,NA
"Brannan 2005",2,2,51,132,-10.85,7.93,"change_from_baseline",NA,NA,NA,NA,NA,NA,NA,NA,NA
"Katona 2012",2,2,51,147,-15.8,9.7,"change_from_baseline",NA,NA,NA,NA,NA,NA,NA,NA,NA
"Mahableshwarkar 2013",2,2,51,149,-13.47,9.15,"change_from_baseline",NA,NA,NA,NA,NA,NA,NA,NA,NA
"Robinson 2014",2,2,51,201,-7.42,7.37,"change_from_baseline",NA,NA,NA,NA,NA,NA,NA,NA,NA
"Guelfi 1995",2,2,52,46,-14.2,9.6,"change_from_baseline",NA,NA,NA,NA,NA,NA,NA,NA,NA
"Hewett 2010",2,2,52,193,-17,10.56,"change_from_baseline",NA,NA,NA,NA,NA,NA,NA,NA,NA
"Mendels 1993",2,2,52,77,-14.8,9.64,"change_from_baseline",NA,NA,NA,NA,NA,NA,NA,NA,NA
"VEN 600A-303 (FDA)",2,2,52,69,-10.14,8.45,"change_from_baseline",NA,NA,NA,NA,NA,NA,NA,NA,NA
"Hatcher 2018",2,2,25,22,-9.4,6.7,"change_from_baseline",NA,NA,NA,NA,NA,NA,NA,NA,NA
"E-1569",2,2,43,72,-15,6.6,"change_from_baseline",NA,NA,NA,NA,NA,NA,NA,NA,NA
"Mullin 1996",2,2,45,71,-13,7.3,"change_from_baseline",NA,NA,NA,NA,NA,NA,NA,NA,NA
"Kang 2009",2,2,52,53,-10.9,6,"change_from_baseline",NA,NA,NA,NA,NA,NA,NA,NA,NA
"Beasley 1991a",2,2,42,63,-12.2,7.2,"change_from_baseline",NA,NA,NA,NA,NA,NA,NA,NA,NA
"Zhao 2006",2,2,42,58,-20.7,9.5,"change_from_baseline",NA,NA,NA,NA,NA,NA,NA,NA,NA
"Kasper 2005b",2,2,43,53,-15,4.95,"change_from_baseline",NA,NA,NA,NA,NA,NA,NA,NA,NA
"Tsutsui 2000",2,2,43,106,-12.1,9.2,"change_from_baseline",NA,NA,NA,NA,NA,NA,NA,NA,NA
"Munizza 2006",2,2,44,59,-11.5,8.3,"change_from_baseline",NA,NA,NA,NA,NA,NA,NA,NA,NA
"Fagiolini 2020",2,2,52,152,-14.7,6.56,"change_from_baseline",NA,NA,NA,NA,NA,NA,NA,NA,NA
"Salminen 2008",2,2,42,25,-11.2,4.6,"change_from_baseline",NA,NA,NA,NA,NA,NA,NA,NA,NA
"Cornelius 1997",2,2,81,25,-6,9.6,"change_from_baseline",NA,NA,NA,NA,NA,NA,NA,NA,NA
"Li 2006",2,2,41,28,-15.1,7.8,"change_from_baseline",NA,NA,NA,NA,NA,NA,NA,NA,NA
"Ou 2011",2,2,41,115,-14.7,8.2,"change_from_baseline",NA,NA,NA,NA,NA,NA,NA,NA,NA
"Yevtushenko 2007",2,2,41,108,-28.7,8.11,"change_from_baseline",NA,NA,NA,NA,NA,NA,NA,NA,NA
"Forest Research Institute 2004a",2,2,42,98,-19,10.39,"change_from_baseline",NA,NA,NA,NA,NA,NA,NA,NA,NA
"Kennedy 2005",2,2,42,98,-16.4,8.91,"change_from_baseline",NA,NA,NA,NA,NA,NA,NA,NA,NA
"Mao 2008",2,2,42,113,-20.3,10.1,"change_from_baseline",NA,NA,NA,NA,NA,NA,NA,NA,NA
"Ventura 2007",2,2,44,107,-18.4,9.31,"change_from_baseline",NA,NA,NA,NA,NA,NA,NA,NA,NA
"Khan 2007",2,2,51,91,-19.3,9.1,"change_from_baseline",NA,NA,NA,NA,NA,NA,NA,NA,NA
"Bielski 2004",2,2,52,98,-13.6,9.6,"change_from_baseline",NA,NA,NA,NA,NA,NA,NA,NA,NA
"Lam 2013",2,2,73,48,-15.7,8.8,"change_from_baseline",NA,NA,NA,NA,NA,NA,NA,NA,NA
"Chouinard 1999",2,2,43,100,-13.92,11,"change_from_baseline",NA,NA,NA,NA,NA,NA,NA,NA,NA
"DeWilde 1993",2,2,43,37,-17.3,9.5,"change_from_baseline",NA,NA,NA,NA,NA,NA,NA,NA,NA
"Ontiveros 1997",2,2,43,58,-16.4,8.4,"change_from_baseline",NA,NA,NA,NA,NA,NA,NA,NA,NA
"Beasley 1993b",2,2,45,71,-11.6,10.3,"change_from_baseline",NA,NA,NA,NA,NA,NA,NA,NA,NA
"Preskorn 1991",2,2,45,31,-7.9,6.1,"change_from_baseline",NA,NA,NA,NA,NA,NA,NA,NA,NA
"Versiani 1999",2,2,45,79,-18.1,7.5,"change_from_baseline",NA,NA,NA,NA,NA,NA,NA,NA,NA
"Tollefson 1994",2,2,48,60,-9.1,8,"change_from_baseline",NA,NA,NA,NA,NA,NA,NA,NA,NA
"Akhondzadeh 2003",2,2,50,20,-20.3,8.12,"change_from_baseline",NA,NA,NA,NA,NA,NA,NA,NA,NA
"Hashemi 2012",2,2,50,49,-13.14,4.68,"change_from_baseline",NA,NA,NA,NA,NA,NA,NA,NA,NA
"DeNayer 2002",2,2,52,64,-14.4,7.6,"change_from_baseline",NA,NA,NA,NA,NA,NA,NA,NA,NA
"29060/299",2,2,45,100,-14.39,8.39,"change_from_baseline",NA,NA,NA,NA,NA,NA,NA,NA,NA
"Miura 2000",2,2,45,114,-10.6,11.1,"change_from_baseline",NA,NA,NA,NA,NA,NA,NA,NA,NA
"MDF/29060/III/070/88/MC",2,2,47,20,-15,8.22,"change_from_baseline",NA,NA,NA,NA,NA,NA,NA,NA,NA
"Chiu 1996",2,2,48,15,-15.3,8.4,"change_from_baseline",NA,NA,NA,NA,NA,NA,NA,NA,NA
"GSK_29060/103",2,2,49,36,-17.1,9.6,"change_from_baseline",NA,NA,NA,NA,NA,NA,NA,NA,NA
"Hao 2014",2,2,51,127,-13.8,6.6,"change_from_baseline",NA,NA,NA,NA,NA,NA,NA,NA,NA
"Owens 2008",2,2,52,41,-17.3,8.99,"change_from_baseline",NA,NA,NA,NA,NA,NA,NA,NA,NA
"Cohn 1990b",2,2,45,64,-14.2,7.76,"change_from_baseline",NA,NA,NA,NA,NA,NA,NA,NA,NA
"Moller 1998",2,2,45,59,-16.5,9.4,"change_from_baseline",NA,NA,NA,NA,NA,NA,NA,NA,NA
"Moller 2000",2,2,45,105,-15.3,7.1,"change_from_baseline",NA,NA,NA,NA,NA,NA,NA,NA,NA
"Forlenza 2001",2,2,48,28,-15.03,10.46,"change_from_baseline",NA,NA,NA,NA,NA,NA,NA,NA,NA
"Sir 2005",2,2,52,79,-14.3,8.35,"change_from_baseline",NA,NA,NA,NA,NA,NA,NA,NA,NA
"Doongaji 1993",2,2,49,63,-7.4,3.97,"change_from_baseline",NA,NA,NA,NA,NA,NA,NA,NA,NA
"Sauer 2003",2,2,52,76,-10.5,5.8,"change_from_baseline",NA,NA,NA,NA,NA,NA,NA,NA,NA
"Dubey 2012",2,2,51,30,-20.27,7.04,"change_from_baseline",NA,NA,NA,NA,NA,NA,NA,NA,NA
"Perahia 2008b",2,2,51,477,-12.59,8.74,"change_from_baseline",NA,NA,NA,NA,NA,NA,NA,NA,NA
"Perahia 2008a_study 1",2,2,52,164,-12.03,6.53,"change_from_baseline",NA,NA,NA,NA,NA,NA,NA,NA,NA
"Quah-Smith 2005",2,2,58,14,-16.1,4.07,"change_from_baseline",NA,NA,NA,NA,NA,NA,NA,NA,NA
"Andreescu 2011",2,2,57,23,-7.4,6.2,"change_from_baseline",NA,NA,NA,NA,NA,NA,NA,NA,NA
"Kinoshita 2009",4,3,6,66,-13.8,6.9,"change_from_baseline",NA,NA,NA,NA,NA,NA,NA,NA,NA
"Jefferson 2000",4,3,40,95,-15.3,10.72,"change_from_baseline",NA,NA,NA,NA,NA,NA,NA,NA,NA
"Burke 2002",4,3,41,118,-12.8,8.69,"change_from_baseline",NA,NA,NA,NA,NA,NA,NA,NA,NA
"Wernicke 1987",4,3,42,97,-9.6,8.2,"change_from_baseline",NA,NA,NA,NA,NA,NA,NA,NA,NA
"Lam 2016",4,3,66,32,-13.4,7.5,"change_from_baseline",NA,NA,NA,NA,NA,NA,NA,NA,NA
"Detke 2004",4,3,51,93,-11,4.82,"change_from_baseline",NA,NA,NA,NA,NA,NA,NA,NA,NA
"Fabre 1995a",4,3,44,89,-9.8,8.9,"change_from_baseline",NA,NA,NA,NA,NA,NA,NA,NA,NA
"Blumenthal 2007/Hoffman 2011",4,3,62,53,-7.1,6.9,"change_from_baseline",NA,NA,NA,NA,NA,NA,NA,NA,NA
"Khoshnab 2017",4,3,60,15,-2.13,6.19677335393187,"change_from_baseline",NA,NA,NA,NA,NA,NA,NA,NA,NA
"Zu 2014",4,3,39,25,-6.9,6.8,"change_from_baseline",NA,NA,NA,NA,NA,NA,NA,NA,NA
"003-008 (FDA)",3,3,6,28,-7.3,7.7,"change_from_baseline",NA,NA,NA,NA,NA,NA,NA,NA,NA
"MIR 003-020 (FDA)",3,3,45,40,-11.5,9.1,"change_from_baseline",NA,NA,NA,NA,NA,NA,NA,NA,NA
"MIR 003-021 (FDA)",3,3,45,48,-13.6,7.2,"change_from_baseline",NA,NA,NA,NA,NA,NA,NA,NA,NA
"Montgomery 1992",3,3,40,61,-13.31,9.82,"change_from_baseline",NA,NA,NA,NA,NA,NA,NA,NA,NA
"Study 89306 (FDA)",3,3,40,97,-16.04,13.53,"change_from_baseline",NA,NA,NA,NA,NA,NA,NA,NA,NA
"Forest Laboratories 2000",3,3,41,124,-12.9,10.03,"change_from_baseline",NA,NA,NA,NA,NA,NA,NA,NA,NA
"Forest Laboratories 2010",3,3,41,318,-11.6,10.7,"change_from_baseline",NA,NA,NA,NA,NA,NA,NA,NA,NA
"Forest Research Institute 2005",3,3,44,135,-16.7,10.46,"change_from_baseline",NA,NA,NA,NA,NA,NA,NA,NA,NA
"Nierenberg 2007",3,3,51,273,-7.61,6.94,"change_from_baseline",NA,NA,NA,NA,NA,NA,NA,NA,NA
"Study 62b (FDA)",3,3,42,103,-7.2,9.03,"change_from_baseline",NA,NA,NA,NA,NA,NA,NA,NA,NA
"Wernicke 1988",3,3,42,92,-11.2,8.2,"change_from_baseline",NA,NA,NA,NA,NA,NA,NA,NA,NA
"Fava 1998a",3,3,43,55,-11.1,9.4,"change_from_baseline",NA,NA,NA,NA,NA,NA,NA,NA,NA
"MY-1045/BRL-029060/1 (PAR 128)",3,3,43,350,-11.8,8.79,"change_from_baseline",NA,NA,NA,NA,NA,NA,NA,NA,NA
"Stark 1985",3,3,48,185,-12,10.1,"change_from_baseline",NA,NA,NA,NA,NA,NA,NA,NA,NA
"Study F1J-MC-HMAQ - Study Group B",3,3,51,81,-8,6.75,"change_from_baseline",NA,NA,NA,NA,NA,NA,NA,NA,NA
"Golden 2002_448",3,3,43,104,-11.1,8.26,"change_from_baseline",NA,NA,NA,NA,NA,NA,NA,NA,NA
"Golden 2002_449",3,3,43,110,-12.1,8.18,"change_from_baseline",NA,NA,NA,NA,NA,NA,NA,NA,NA
"Higuchi 2011",3,3,43,83,-12.5,7.11,"change_from_baseline",NA,NA,NA,NA,NA,NA,NA,NA,NA
"29060 07 001",3,3,45,13,-13.31,11.1050979284291,"change_from_baseline",NA,NA,NA,NA,NA,NA,NA,NA,NA
"Fabre 1992",3,3,48,37,-7.62,8.09007416529663,"change_from_baseline",NA,NA,NA,NA,NA,NA,NA,NA,NA
"Eli Lilly HMAT-A",3,3,51,81,-6.31,6.3,"change_from_baseline",NA,NA,NA,NA,NA,NA,NA,NA,NA
"Higuchi 2009",3,3,51,74,-10,6.4,"change_from_baseline",NA,NA,NA,NA,NA,NA,NA,NA,NA
"VEN XR 367 (FDA)",3,3,52,75,-14.63,10.62,"change_from_baseline",NA,NA,NA,NA,NA,NA,NA,NA,NA
"Reimherr 1990",3,3,45,144,-12.64,7.97,"change_from_baseline",NA,NA,NA,NA,NA,NA,NA,NA,NA
"SER 315 (FDA)",3,3,45,70,-11.6,11.49,"change_from_baseline",NA,NA,NA,NA,NA,NA,NA,NA,NA
"Schweizer 1994",3,3,52,64,-15.6,9.8,"change_from_baseline",NA,NA,NA,NA,NA,NA,NA,NA,NA
"Higuchi 2016",3,3,52,176,-15.05,10.08,"change_from_baseline",NA,NA,NA,NA,NA,NA,NA,NA,NA
"VEN 600A-313 (FDA)",3,3,52,77,-11.83,9.77,"change_from_baseline",NA,NA,NA,NA,NA,NA,NA,NA,NA
"Wright 2005",3,3,25,15,-7.5,6.3,"change_from_baseline",NA,NA,NA,NA,NA,NA,NA,NA,NA
"Fava 2002a",3,3,44,96,-12.93,8.19,"change_from_baseline",NA,NA,NA,NA,NA,NA,NA,NA,NA
"Qu 2013",3,3,97,51,-14.1,6.8,"change_from_baseline",NA,NA,NA,NA,NA,NA,NA,NA,NA
"Whitmyer 2007",3,3,51,198,-8.26,6.47,"change_from_baseline",NA,NA,NA,NA,NA,NA,NA,NA,NA
"Perahia 2008a_study 2",3,3,52,166,-11.02,6.96,"change_from_baseline",NA,NA,NA,NA,NA,NA,NA,NA,NA
"Saloheimo 2016",3,3,84,27,-8.3,6.3,"change_from_baseline",NA,NA,NA,NA,NA,NA,NA,NA,NA
"Legrand 2016",3,3,89,11,-9.39,9.02,"change_from_baseline",NA,NA,NA,NA,NA,NA,NA,NA,NA
"Kinoshita 2009",4,4,6,69,-11.9,7.6,"change_from_baseline",NA,NA,NA,NA,NA,NA,NA,NA,NA
"Jefferson 2000",4,4,43,97,-13.8,10.83,"change_from_baseline",NA,NA,NA,NA,NA,NA,NA,NA,NA
"Burke 2002",4,4,41,123,-13.9,8.87,"change_from_baseline",NA,NA,NA,NA,NA,NA,NA,NA,NA
"Wernicke 1987",4,4,42,103,-7.2,9.1,"change_from_baseline",NA,NA,NA,NA,NA,NA,NA,NA,NA
"Lam 2016",4,4,98,29,-16.9,9.2,"change_from_baseline",NA,NA,NA,NA,NA,NA,NA,NA,NA
"Detke 2004",4,4,51,93,-12.1,4.82,"change_from_baseline",NA,NA,NA,NA,NA,NA,NA,NA,NA
"Fabre 1995a",4,4,44,82,-9.2,8.2,"change_from_baseline",NA,NA,NA,NA,NA,NA,NA,NA,NA
"Blumenthal 2007/Hoffman 2011",4,4,63,51,-7.2,6.9,"change_from_baseline",NA,NA,NA,NA,NA,NA,NA,NA,NA
"Khoshnab 2017",4,4,88,15,-4.53,12.548466041712,"change_from_baseline",NA,NA,NA,NA,NA,NA,NA,NA,NA
"Zu 2014",4,4,70,43,-9.8,4.7,"change_from_baseline",NA,NA,NA,NA,NA,NA,NA,NA,NA
"Wilson 1982",5,1,1,12,-10.33,9.63249188943339,"baseline_followup",25,5.77,14.67,11.12,0.5,NA,NA,NA,NA
"Schmidt 1983",5,1,4,10,-4.3,8.24863625092051,"baseline_followup",26,7.2,21.7,9,0.5,NA,NA,NA,NA
"Dunn 2005",5,1,60,17,-10.1,3.11769145362398,"baseline_followup",19.1,1.8,9,3.6,0.5,NA,NA,NA,NA
"Elkin 1989/Imber 1990",4,1,1,62,-6.3,6.79117073853986,"baseline_followup",19.5,4.6,13.2,7.8,0.5,NA,NA,NA,NA
"Perahia 2006",4,1,1,99,-51.3,5.63294671249698,"baseline_followup",20.6,3.7,-30.7,6.48277332338099,0.5,NA,NA,NA,NA
"Khan 1991",4,1,1,26,-4,8.22860863086828,"baseline_followup",26.1,3.5,22.1,9.4,0.5,NA,NA,NA,NA
"Schweizer 1991",4,1,1,16,-68.2,5.28250338650517,"baseline_followup",30.5,3,-37.7,6.09943931674705,0.5,NA,NA,NA,NA
"Murphy 1984",4,1,10,19,-12.05,5.3401123583685,"baseline_followup",18.47,2.84,6.42,6.16,0.5,NA,NA,NA,NA
"Blom 2007",4,1,18,50,-9.9,9.7923439482077,"baseline_followup",29.5,5.3,19.6,11.3,0.5,NA,NA,NA,NA
"Mynors-Wallis 1995",3,1,1,26,-6.6,6.3221831672295,"baseline_followup",18.4,3.6,11.8,7.3,0.5,NA,NA,NA,NA
"Goldstein 2002",3,1,1,70,-45.01,6.3867060418544,"baseline_followup",19.2,5,-25.81,7.19467933570116,0.5,NA,NA,NA,NA
"Sheehan 2009b",3,1,1,95,-11.02,8.01588423070094,"baseline_followup",29.42,3.72,18.4,9.2,0.5,NA,NA,NA,NA
"Blashki 1971",3,1,1,18,-7.5,8.31384387633061,"baseline_followup",18.9,4.8,11.4,9.6,0.5,NA,NA,NA,NA
"Choi 2014a/Choi 2014b",3,1,2,36,-5.71,6.74005934691973,"baseline_followup",24.64,6.42,18.93,7.02,0.5,NA,NA,NA,NA
"Kay-Lambkin 2009",3,1,3,21,-9.91,10.053273098847,"baseline_followup",32.86,9.59,22.95,10.46,0.5,NA,NA,NA,NA
"Sahranavard 2018",3,1,4,10,-4.4,3.66382313983631,"baseline_followup",33.7,3.06,29.3,4.06,0.5,NA,NA,NA,NA
"Nezu 1989",3,1,4,11,-2.54,6.73285229304787,"baseline_followup",27.27,4.29,24.73,7.76,0.5,NA,NA,NA,NA
"Bowman 1995",3,1,4,10,-0.199999999999999,7.19652694012883,"baseline_followup",18.9,3.8,18.7,8.3,0.5,NA,NA,NA,NA
"Ward 2000/King 2000",3,1,5,67,-8.2,11.0729399890002,"baseline_followup",26.5,8.9,18.3,12.4,0.5,NA,NA,NA,NA
"Scott 1992",3,1,5,29,-11.3,6.7014923711066,"baseline_followup",19.7,5.4,8.4,7.5,0.5,NA,NA,NA,NA
"Miranda 2003/2006",3,1,5,89,-4.1,4.53441286166136,"baseline_followup",16.5,5.2,12.4,3.13,0.5,NA,NA,NA,NA
"Singh 2005",3,1,5,19,-5.3,5.27351874937408,"baseline_followup",19.7,3.9,14.4,6,0.5,NA,NA,NA,NA
"Smeraldi 1998b",3,1,7,57,-10.1,11.0077245605075,"baseline_followup",31.1,5.9,21,12.7,0.5,NA,NA,NA,NA
"Jacobson 1996",3,1,8,56,-20.2,7.33689307541005,"baseline_followup",29.3,6.6,9.1,7.9,0.5,NA,NA,NA,NA
"McNamara 1986",3,1,9,10,-20.4,3.82266922450792,"baseline_followup",25.9,4.04,5.5,3.56,0.5,NA,NA,NA,NA
"Marshall 2008",3,1,10,37,-11.48,4.328128925991,"baseline_followup",17.78,3.58,6.3,4.81,0.5,NA,NA,NA,NA
"Fonagy 2019",3,1,10,20,-5.92,6.63144780572086,"baseline_followup",19.14,4.61,13.22,7.6,0.5,NA,NA,NA,NA
"Hollon 1992",3,1,10,25,-10.8,8.68849814409832,"baseline_followup",24.1,4.3,13.3,10,0.5,NA,NA,NA,NA
"Blackburn 1997",3,1,10,24,-9.5,6.2745517768204,"baseline_followup",20,4.3,10.5,7.2,0.5,NA,NA,NA,NA
"Kay-Lambkin 2011/2017",3,1,11,88,-11.9,10.4747315001388,"baseline_followup",33,9.2,21.1,11.4,0.5,NA,NA,NA,NA
"Gater 2010",3,1,32,39,-5,4.58257569495584,"baseline_followup",19.3,5,14.3,4,0.5,NA,NA,NA,NA
"Zhao 2019a",3,1,39,156,-12.88,5.34680278297227,"baseline_followup",24.54,5.13,11.66,5.54,0.5,NA,NA,NA,NA
"Sun 2013",3,1,42,25,-11.2,4.00977555481601,"baseline_followup",23.32,3.49,12.12,4.38,0.5,NA,NA,NA,NA
"Murri 2015",3,1,44,42,-8.7,5.12932744129286,"baseline_followup",20.4,3.4,11.7,5.9,0.5,NA,NA,NA,NA
"Ashouri 2013",3,1,53,13,-8.75,5.67072305795302,"baseline_followup",34.3,6.54,25.55,3.55,0.5,NA,NA,NA,NA
"Mendels 1999",2,1,1,91,-55.15,5.52828493193114,"baseline_followup",24.1,3.5,-31.05,6.37324932148558,0.5,NA,NA,NA,NA
"Nyth 1992",2,1,1,45,-6.7,8.4504437753292,"baseline_followup",24.2,8.4,17.5,8.5,0.5,NA,NA,NA,NA
"Emsley 2018",2,1,1,106,-9.5,5.97745765355138,"baseline_followup",26.6,3.6,17.1,6.9,0.5,NA,NA,NA,NA
"Godlewska 2012",2,1,1,21,-3.3,4.4034077712608,"baseline_followup",23.3,4.5,20,4.3,0.5,NA,NA,NA,NA
"Komulainen 2018",2,1,1,15,-2.2,4.5670012042915,"baseline_followup",24.5,4.05,22.3,4.95,0.5,NA,NA,NA,NA
"Wade 2002",2,1,1,189,-12,7.92653770570733,"baseline_followup",28.7,3.7,16.7,9.1,0.5,NA,NA,NA,NA
"Wang 2014c",2,1,1,153,-78.81,6.63997179444869,"baseline_followup",31.6,5.4,-47.21,7.41372733949198,0.5,NA,NA,NA,NA
"Fava 2005",2,1,1,43,-7.3,5.55067563455117,"baseline_followup",19.9,2.9,12.6,6.4,0.5,NA,NA,NA,NA
"Hunter 2011",2,1,1,11,-8.64,7.1418975069655,"baseline_followup",20.73,3.66,12.09,8.23,0.5,NA,NA,NA,NA
"Macias-Cortes 2015",2,1,1,43,-5.7,3.43947670438397,"baseline_followup",20.7,3.1,15,3.7,0.5,NA,NA,NA,NA
"Loo 2002",2,1,1,139,-12.06,7.79678780011358,"baseline_followup",27.4,3.1,15.34,8.87,0.5,NA,NA,NA,NA
"Doogan 1994",2,1,1,90,-66.7,5.47726438379317,"baseline_followup",27.3,3.4,-39.4,6.31848732053788,0.5,NA,NA,NA,NA
"Hieronymus 2016_PZ/109",2,1,1,103,-7.9,6.95413546028548,"baseline_followup",21.5,3.4,13.6,8,0.5,NA,NA,NA,NA
"Olie 1997",2,1,1,129,-66.6,6.70459854546437,"baseline_followup",28.9,5.5,-37.7,7.46848934043968,0.5,NA,NA,NA,NA
"Amsterdam 1986",2,1,1,54,-5.7,7.46371891217776,"baseline_followup",23.4,4.9,17.7,8.59,0.5,NA,NA,NA,NA
"Georgotas 1982",2,1,1,18,-11.2,8.82661883169314,"baseline_followup",28.6,5.52,17.4,10.18,0.5,NA,NA,NA,NA
"McCallum 1975",2,1,1,12,-5.5,6.9656299069072,"baseline_followup",22.3,5.6,16.8,7.8,0.5,NA,NA,NA,NA
"Schweizer 1998",2,1,1,60,-56.3,5.90878737912617,"baseline_followup",24.1,4.2,-32.2,6.75658332811952,0.5,NA,NA,NA,NA
"Katz 1990",2,1,1,11,-2.5,5.09215082258961,"baseline_followup",23.7,4.1,21.2,5.7,0.5,NA,NA,NA,NA
"Cutler 2009",2,1,1,152,-71.78,6.3867060418544,"baseline_followup",30.3,5,-41.48,7.19467933570116,0.5,NA,NA,NA,NA
"Detke 2002a",2,1,1,139,-49.21,5.47221177482525,"baseline_followup",20.46,3.39,-28.75,6.3130111204431,0.5,NA,NA,NA,NA
"Detke 2002b",2,1,1,122,-48.33,5.64359939057329,"baseline_followup",21.14,3.72,-27.19,6.49372572357053,0.5,NA,NA,NA,NA
"Raskin 2007",2,1,1,104,-41.52,6.08313408589087,"baseline_followup",18.9,4.5,-22.62,6.92086933096263,0.5,NA,NA,NA,NA
"Levin 2013",2,1,1,52,-11.65,5.79613322668195,"baseline_followup",17.3,4,5.65,6.64705932622411,0.5,NA,NA,NA,NA
"Krejtz 2018",2,1,2,25,-8.19,9.97183533758957,"baseline_followup",38.3,7.75,30.11,11.25,0.5,NA,NA,NA,NA
"Mohr 2011",2,1,3,44,-2.23,4.9971191700819,"baseline_followup",19.23,3.72,17,5.68,0.5,NA,NA,NA,NA
"Naeem 2015",2,1,3,68,-7.5,3.7589892258425,"baseline_followup",15.1,3.9,7.6,3.6,0.5,NA,NA,NA,NA
"Hamamci 2006",2,1,3,11,-6.69,8.9610044079891,"baseline_followup",29.87,8.5,23.18,9.36,0.5,NA,NA,NA,NA
"Markkula 2019",2,1,3,134,-3.9,7.46201045295435,"baseline_followup",22,8.6,18.1,3.84,0.5,NA,NA,NA,NA
"Hamdan-Mansour 2009",2,1,3,36,-3.1,8.81532756056177,"baseline_followup",21.1,9.9,18,7,0.5,NA,NA,NA,NA
"Albornoz 2011",2,1,3,12,-3.84,7.16134065660893,"baseline_followup",20,7.24,16.16,7.08,0.5,NA,NA,NA,NA
"Hojatifar 2017",2,1,3,15,-3,4.53798413395199,"baseline_followup",43.07,4.87,40.07,4.11,0.5,NA,NA,NA,NA
"Hermens 2007",2,1,3,96,-56.9,10.5133145201482,"baseline_followup",24.1,10.7,-32.8,10.3161133897203,0.5,NA,NA,NA,NA
"Hemat-Far 2012",2,1,3,10,-1,4.80312398340913,"baseline_followup",23.8,4.7,22.8,4.9,0.5,NA,NA,NA,NA
"Roy 2018",2,1,3,20,-2.7,3.74737241277138,"baseline_followup",16.55,4.14,13.85,3.16,0.5,NA,NA,NA,NA
"Beach 1992",2,1,4,15,-7.86,9.25153500777033,"baseline_followup",28.33,5.55,20.47,10.68,0.5,NA,NA,NA,NA
"Kramer 2014",2,1,4,132,-4.49,8.68241901776227,"baseline_followup",39.7,7.1,35.21,9.68,0.5,NA,NA,NA,NA
"Arean 1993",2,1,4,20,-0.399999999999999,5.07444578254611,"baseline_followup",22.4,5.5,22,4.5,0.5,NA,NA,NA,NA
"Jamison 1995",2,1,4,39,-0.600000000000001,4.15812457725836,"baseline_followup",19.6,3.7,19,4.5,0.5,NA,NA,NA,NA
"Naeem 2014",2,1,4,89,-2.9,3.45976877840124,"baseline_followup",13.3,2.7,10.4,3.9,0.5,NA,NA,NA,NA
"Rickhi 2011",2,1,4,45,-2.3,4.87670995651782,"baseline_followup",20.3,1.66,18,5.49,0.5,NA,NA,NA,NA
"Choi 2012",2,1,4,30,0.440000000000001,7.72380735130026,"baseline_followup",20.83,7.58,21.27,7.86,0.5,NA,NA,NA,NA
"Lindegaard 2019",2,1,4,25,-2.48,5.63851930918038,"baseline_followup",17,5.52,14.52,5.75,0.5,NA,NA,NA,NA
"Umadevi 2013",2,1,4,23,-2.31,5.08008858190485,"baseline_followup",15.13,4.08,12.82,5.69,0.5,NA,NA,NA,NA
"Leinonen 1999",2,1,6,136,-20.5,6.32477862117093,"baseline_followup",29.6,4.9,9.1,7.13991733475345,0.5,NA,NA,NA,NA
"Versiani 2005",2,1,6,145,-94.3,7.03487050906253,"baseline_followup",36,6,-58.3,7.74229934517821,0.5,NA,NA,NA,NA
"Wheatley 1998",2,1,6,60,-66.2,6.02433047028623,"baseline_followup",26,4.4,-40.2,6.86610733001493,0.5,NA,NA,NA,NA
"Zhang 2019",2,1,6,79,-15.9,2.06639783197718,"baseline_followup",23.4,1.9,7.5,2.2,0.5,NA,NA,NA,NA
"Hoyberg 1996",2,1,6,56,-15.3,10.1355808910984,"baseline_followup",32.5,6.1,17.2,11.7,0.5,NA,NA,NA,NA
"Zivkov 1995",2,1,6,113,-15.2,8.74814266001647,"baseline_followup",28,4.9,12.8,10.1,0.5,NA,NA,NA,NA
"Guelfi 2001",2,1,6,78,-89.3,6.57585390345705,"baseline_followup",34.6,5.3,-54.7,7.35896533854427,0.5,NA,NA,NA,NA
"Paslakis 2010",2,1,6,37,-13.1,4.4226688774992,"baseline_followup",21.7,3.4,8.6,5,0.5,NA,NA,NA,NA
"Fudge 1990",2,1,7,15,-17.1,4.43959457608462,"baseline_followup",23.6,3,6.5,5.1,0.5,NA,NA,NA,NA
"Moises 1981",2,1,7,16,-9,8.4338603260903,"baseline_followup",25.3,5.6,16.3,9.7,0.5,NA,NA,NA,NA
"Kanter 2015",2,1,8,21,-10.05,7.95783261950137,"baseline_followup",21.05,3.75,11,9.14,0.5,NA,NA,NA,NA
"Moradveisi 2013",2,1,8,50,-59.55,6.55035257905649,"baseline_followup",21.12,5.26,-38.43,7.33706053816519,0.5,NA,NA,NA,NA
"Thase 2018",2,1,10,77,-10.4,5.49454274712646,"baseline_followup",19.6,3.8,9.2,6.3,0.5,NA,NA,NA,NA
"Connolly Gibbons 2016",2,1,10,119,-5.02,5.11862286166895,"baseline_followup",21.08,5.69,16.06,4.23,0.5,NA,NA,NA,NA
"Rush 1977/Kovacs 1981",2,1,10,19,-22.95,7.252833928886,"baseline_followup",30.21,6.64,7.26,7.74,0.5,NA,NA,NA,NA
"Kennedy 2007",2,1,10,12,-11.5,6.59393660873381,"baseline_followup",22.3,4.2,10.8,7.6,0.5,NA,NA,NA,NA
"Quilty 2014",2,1,10,54,-8.77,5.7576818251793,"baseline_followup",16.91,5.03,8.14,6.28,0.5,NA,NA,NA,NA
"Farabaugh 2015",2,1,11,15,-8.8,5.60853813395255,"baseline_followup",19.2,4.51,10.4,6.28,0.5,NA,NA,NA,NA
"McKnight 1992",2,1,11,22,-17.96,8.77571079742262,"baseline_followup",32.81,5.65,14.85,10.11,0.5,NA,NA,NA,NA
"Kheirabadi 2020",2,1,13,16,-24.2,17.3801611039714,"baseline_followup",37.2,19.9,13,12.2,0.5,NA,NA,NA,NA
"Alexopoulos 2003b",2,1,15,12,-16.81,5.41866219652047,"baseline_followup",23.9,3.38,7.09,6.25,0.5,NA,NA,NA,NA
"Arean 2010",2,1,15,110,-11.27,7.14825153446631,"baseline_followup",24.1,3.9,12.83,8.25,0.5,NA,NA,NA,NA
"Costa 2016",2,1,26,19,-9.6,11.0530538766442,"baseline_followup",30,9.1,20.4,12.3,0.5,NA,NA,NA,NA
"Connolly Gibbons 2012",2,1,29,16,-6.4,5.82047248941183,"baseline_followup",23,4.73,16.6,6.5,0.5,NA,NA,NA,NA
"Moak 2003",2,1,35,44,-10,5.50726792520575,"baseline_followup",18.8,2.4,8.8,6.3,0.5,NA,NA,NA,NA
"Hersen 1984",2,1,36,22,-12.59,6.72995542332934,"baseline_followup",21.54,5.71,8.95,7.42,0.5,NA,NA,NA,NA
"Wang 2014a",2,1,39,26,-13.87,1.73591474445031,"baseline_followup",22.07,1.68267643948562,8.2,1.78465682975747,0.5,NA,NA,NA,NA
"Moore 2005",2,1,40,142,-91.7,6.02433047028623,"baseline_followup",35.7,4.4,-56,6.86610733001493,0.5,NA,NA,NA,NA
"Hsu 2011",2,1,40,21,-25.8,8.67467578644874,"baseline_followup",36.6,5.5,10.8,10,0.5,NA,NA,NA,NA
"Matreja 2007",2,1,40,50,-19.2,5.8573628878532,"baseline_followup",30.2,6.18,11,5.47,0.5,NA,NA,NA,NA
"Navarro 2001",2,1,40,29,-71.83,5.863369624885,"baseline_followup",27.31,4.12,-44.52,6.71277372736135,0.5,NA,NA,NA,NA
"Allard 2004",2,1,40,75,-17.4,7.20902212508743,"baseline_followup",27,3.6,9.6,8.3,0.5,NA,NA,NA,NA
"Jeong 2015",2,1,41,52,-19.5,6.44437739428721,"baseline_followup",30.8,4.9,11.3,7.3,0.5,NA,NA,NA,NA
"Xiaoling 2018",2,1,41,65,-10.25,2.74282700876304,"baseline_followup",22.29,3.15,12.04,1.86,0.5,NA,NA,NA,NA
"Baldwin 2006b",2,1,41,165,-76.36,5.90878737912617,"baseline_followup",29.6,4.2,-46.76,6.75658332811952,0.5,NA,NA,NA,NA
"Boulenger 2006",2,1,41,228,-95.6,5.63294671249698,"baseline_followup",35.2,3.7,-60.4,6.48277332338099,0.5,NA,NA,NA,NA
"Wade 2007",2,1,41,141,-23.61,5.96620819925158,"baseline_followup",32.5,4.3,8.89,6.81134532906722,0.5,NA,NA,NA,NA
"Montgomery 2004",2,1,41,146,-75.56,6.3867060418544,"baseline_followup",28.7,5,-46.86,7.19467933570116,0.5,NA,NA,NA,NA
"Aguglia 1993",2,1,42,40,-15.9,8.32646383526644,"baseline_followup",32.9,7.6,17,8.9,0.5,NA,NA,NA,NA
"Boyer 1998",2,1,42,115,-17.9,6.96790930537838,"baseline_followup",29,5.9,11.1,7.6875373442305,0.5,NA,NA,NA,NA
"Hieronymus 2016_PZ/111",2,1,42,108,-11,6.16116872029974,"baseline_followup",24.4,2.4,13.4,7,0.5,NA,NA,NA,NA
"Sechter 1999",2,1,42,118,-64.4,5.68653971096627,"baseline_followup",24.9,3.8,-39.5,6.53753532432869,0.5,NA,NA,NA,NA
"De Ronchi 1998",2,1,42,32,-11.38,7.40520762706894,"baseline_followup",25.6,5.9,14.22,8.31,0.5,NA,NA,NA,NA
"Demyttenaere 1998",2,1,42,35,-15,5.53805019840016,"baseline_followup",24.9,4.1,9.9,6.3,0.5,NA,NA,NA,NA
"Fawcett 1989",2,1,42,19,-10.8,5.63471383479232,"baseline_followup",23.6,3,12.8,6.5,0.5,NA,NA,NA,NA
"Marchesi 1998",2,1,42,67,-16.6,6.02328813855024,"baseline_followup",25.5,5.2,8.9,6.6,0.5,NA,NA,NA,NA
"Suleman 1997",2,1,42,15,-18.2,2.36431808350738,"baseline_followup",25.4,2.2,7.2,2.5,0.5,NA,NA,NA,NA
"Noguera 1991",2,1,42,60,-18.09,4.74361676360981,"baseline_followup",24.3,4.9,6.21,4.57,0.5,NA,NA,NA,NA
"Ropert 1989",2,1,42,54,-18.2,6.72011904656458,"baseline_followup",27.6,6.4,9.4,7,0.5,NA,NA,NA,NA
"Serrano-Blanco 2006",2,1,42,49,-12.7,8.68504461704141,"baseline_followup",22.2,9.1,9.5,8.2,0.5,NA,NA,NA,NA
"Basterzi 2009",2,1,42,22,-13.6,7.03633427290091,"baseline_followup",25.7,3.5,12.1,8.1,0.5,NA,NA,NA,NA
"Chang 2015",2,1,42,58,-16.3,6.92026011071838,"baseline_followup",24.3,5.7,8,7.7,0.5,NA,NA,NA,NA
"Clerc 1994",2,1,42,34,-15.7,13.228756555323,"baseline_followup",35.7,5,20,15,0.5,NA,NA,NA,NA
"Costa 1998",2,1,42,186,-20.6,6.89855057240287,"baseline_followup",29.7,5.3,9.1,7.8,0.5,NA,NA,NA,NA
"Diaz-Martinez 1998",2,1,42,55,-24,7.17006451308452,"baseline_followup",31.6,6.2,7.6,7.85182334707362,0.5,NA,NA,NA,NA
"Dierick 1996",2,1,42,161,-14.2,7.69781787261819,"baseline_followup",26.6,4.1,12.4,8.88,0.5,NA,NA,NA,NA
"Heller 2009",2,1,42,14,-14.03,4.26817291121154,"baseline_followup",21.36,2.71,7.33,4.92,0.5,NA,NA,NA,NA
"Tylee 1997",2,1,42,170,-75.5,6.51225990278757,"baseline_followup",29.3,5.2,-46.2,7.30420333759657,0.5,NA,NA,NA,NA
"Fu 2003",2,1,42,30,-20.9,6.19919349593155,"baseline_followup",29.6,5.1,8.7,6.9,0.5,NA,NA,NA,NA
"Jiahui 2006",2,1,42,30,-17.12,10.0426739467136,"baseline_followup",36.08,11.52,18.96,4.61,0.5,NA,NA,NA,NA
"Duan 2009",2,1,42,44,-12.4,4.85695377783236,"baseline_followup",25.1,3.7,12.7,5.5,0.5,NA,NA,NA,NA
"Deushle 2003",2,1,43,40,-10.9,7.11898869222307,"baseline_followup",23.6,3.6,12.7,8.2,0.5,NA,NA,NA,NA
"Freed 1999",2,1,43,149,-17.7,9.0509281292031,"baseline_followup",31.4,6.93,13.7,10.24,0.5,NA,NA,NA,NA
"Moller 1993",2,1,43,81,-18.7,7.53193202306022,"baseline_followup",30.2,6.4,11.5,8.3,0.5,NA,NA,NA,NA
"Staner 1995",2,1,43,21,-8.2,9.78723658649366,"baseline_followup",26,5.8,17.8,11.3,0.5,NA,NA,NA,NA
"Mulsant 1999",2,1,43,29,-11.3,4.22255846614348,"baseline_followup",20.9,3.7,9.6,4.6,0.5,NA,NA,NA,NA
"Lee 2007",2,1,43,240,-55.92,5.81842482553855,"baseline_followup",21.2,4.04,-34.72,6.66896412660319,0.5,NA,NA,NA,NA
"Wang 2013",2,1,43,24,-11.42,7.53442764913168,"baseline_followup",22.8,7.86,11.38,7.16,0.5,NA,NA,NA,NA
"Zhang 2007a",2,1,43,20,-18.6,5.16430053347014,"baseline_followup",28.4,5.8,9.8,4.1,0.5,NA,NA,NA,NA
"Ai 2018",2,1,43,50,-18.57,5.33011256916775,"baseline_followup",31.56,5.35,12.99,5.31,0.5,NA,NA,NA,NA
"Bersani 1994",2,1,44,31,-17,6.02577795807313,"baseline_followup",33,5.4,16,6.5,0.5,NA,NA,NA,NA
"Bhargava 2012",2,1,44,30,-11.7,3.0882195517806,"baseline_followup",25.93,1.21,14.23,3.51,0.5,NA,NA,NA,NA
"Sneed 2014",2,1,44,58,-11.68,6.46177230187738,"baseline_followup",24.18,5.12,12.5,7.2603937368384,0.5,NA,NA,NA,NA
"Mowla 2016",2,1,44,28,-9.97,3.56791255498225,"baseline_followup",27.4,3.9,17.43,3.1,0.5,NA,NA,NA,NA
"Shelton 2006",2,1,44,82,-11.3,5.55067563455117,"baseline_followup",22.1,2.9,10.8,6.4,0.5,NA,NA,NA,NA
"Kampman 1978",2,1,45,25,-13.3,5.8949130612758,"baseline_followup",25.7,5,12.4,6.5,0.5,NA,NA,NA,NA
"Balestrieri 1971",2,1,45,37,-12.99,9.29130776586375,"baseline_followup",24.38,7.7,11.39,10.32,0.5,NA,NA,NA,NA
"Luo 1985",2,1,45,20,-15.2,7.50266619276108,"baseline_followup",29.4,6.3,14.2,8.3,0.5,NA,NA,NA,NA
"Samuelian 1998",2,1,47,46,-16.3,11.1768555506457,"baseline_followup",34,7,17.7,12.89,0.5,NA,NA,NA,NA
"Janakiramaiah 2000",2,1,48,15,-16.4,7.06186944087754,"baseline_followup",22.7,5.7,6.3,7.9,0.5,NA,NA,NA,NA
"Judd 2001",2,1,52,19,-19.7,11.3582569085225,"baseline_followup",32.6,8.5,12.9,12.9,0.5,NA,NA,NA,NA
"Ozdemir 2015",2,1,52,25,-21.88,6.21505430386574,"baseline_followup",29.28,6.93,7.4,5.08,0.5,NA,NA,NA,NA
"Solati 2016",2,1,53,20,-5.56,4.21231527784899,"baseline_followup",42.65,4.86,37.09,2.26,0.5,NA,NA,NA,NA
"Tong 2020",2,1,53,45,-16.66,4.41674087987964,"baseline_followup",29.73,5.1,13.07,2.54,0.5,NA,NA,NA,NA
"DeJonghe 2001/Kool 2003",2,1,53,20,-9.1,7.88500475586413,"baseline_followup",21.2,5.64,12.1,9.01,0.5,NA,NA,NA,NA
"Sharma 2005",2,1,53,15,-7.94,4.12712975323045,"baseline_followup",19.47,3.98,11.53,4.26,0.5,NA,NA,NA,NA
"Quah-Smith 2013",2,1,54,22,-6.91,4.32711220099502,"baseline_followup",21.05,3.65,14.14,4.78,0.5,NA,NA,NA,NA
"Gerber 2020",2,1,60,14,-10.5,11.4564392373896,"baseline_followup",27.6,10,17.1,12.5,0.5,NA,NA,NA,NA
"Krogh 2012",2,1,60,56,-7.9,5.8847259919218,"baseline_followup",19.2,4.7,11.3,6.6,0.5,NA,NA,NA,NA
"Rohini 2000",2,1,65,15,-21.7,6.22655603042324,"baseline_followup",32.8,6.9,11.1,5.2,0.5,NA,NA,NA,NA
"Hopko 2003",2,1,68,10,-16,11.3767306375777,"baseline_followup",35.1,7.4,19.1,13.1,0.5,NA,NA,NA,NA
"Maina 2007",2,1,80,17,-10.06,3.46600043277551,"baseline_followup",19.53,2.035,9.47,4.002,0.5,NA,NA,NA,NA
"Dekker 2005",2,1,82,45,-8.3,5.90254182534948,"baseline_followup",19.4,3.8,11.1,6.8,0.5,NA,NA,NA,NA
"Wilson 1982",5,2,38,11,-9.27,9.00007222193244,"baseline_followup",25.82,4.47,16.55,10.36,0.5,NA,NA,NA,NA
"Schmidt 1983",5,2,14,11,-14.9,8.10740402348372,"baseline_followup",24.4,6.1,9.5,9.2,0.5,NA,NA,NA,NA
"Dunn 2005",5,2,60,16,-9.1,4.79478883789474,"baseline_followup",19.1,2.2,10,5.5,0.5,NA,NA,NA,NA
"Elkin 1989/Imber 1990",4,2,10,59,-8.9,6.84178339323893,"baseline_followup",19.6,3.9,10.7,7.9,0.5,NA,NA,NA,NA
"Perahia 2006",4,2,43,97,-52.1,5.47726438379317,"baseline_followup",21,3.4,-31.1,6.31848732053788,0.5,NA,NA,NA,NA
"Khan 1991",4,2,52,23,-9.6,6.9462219947249,"baseline_followup",26.2,3.5,16.6,8,0.5,NA,NA,NA,NA
"Schweizer 1991",4,2,52,15,-73.5,6.70459854546437,"baseline_followup",30,5.5,-43.5,7.46848934043968,0.5,NA,NA,NA,NA
"Murphy 1984",4,2,34,17,-15.59,5.02023903813354,"baseline_followup",21.35,4.74,5.76,5.26,0.5,NA,NA,NA,NA
"Blom 2007",4,2,36,47,-11.1,10.6531685427388,"baseline_followup",29.8,6.3,18.7,12.3,0.5,NA,NA,NA,NA
"Mynors-Wallis 1995",3,2,15,29,-12.3,6.00583050043872,"baseline_followup",19.4,4.9,7.1,6.7,0.5,NA,NA,NA,NA
"Goldstein 2002",3,2,42,33,-43.55,5.96620819925158,"baseline_followup",17.9,4.3,-25.65,6.81134532906722,0.5,NA,NA,NA,NA
"Sheehan 2009b",3,2,42,99,-11.42,7.71239910793004,"baseline_followup",29.51,3.99,18.09,8.89,0.5,NA,NA,NA,NA
"Blashki 1971",3,2,45,13,-11.1,5.30282943342514,"baseline_followup",17.5,5.2,6.4,5.4,0.5,NA,NA,NA,NA
"Choi 2014a/Choi 2014b",3,2,15,43,-9.86,6.15181274097318,"baseline_followup",23.54,5.64,13.68,6.56,0.5,NA,NA,NA,NA
"Kay-Lambkin 2009",3,2,11,23,-21.87,10.1293188319847,"baseline_followup",34.91,9.7,13.04,10.51,0.5,NA,NA,NA,NA
"Sahranavard 2018",3,2,12,10,-17.7,2.45293701509028,"baseline_followup",32.4,2.8,14.7,1.77,0.5,NA,NA,NA,NA
"Nezu 1989",3,2,16,14,-19.43,3.13804079004719,"baseline_followup",26,2.96,6.57,3.29,0.5,NA,NA,NA,NA
"Bowman 1995",3,2,20,10,-8.5,6.61588996280924,"baseline_followup",20.1,7.3,11.6,5.6,0.5,NA,NA,NA,NA
"Ward 2000/King 2000",3,2,11,63,-13.3,9.82242332624694,"baseline_followup",27.6,8.4,14.3,10.8,0.5,NA,NA,NA,NA
"Scott 1992",3,2,11,29,-11.6,5.78186821018951,"baseline_followup",18.3,5.4,6.7,6.1,0.5,NA,NA,NA,NA
"Miranda 2003/2006",3,2,14,90,-4.9,4.53679402221437,"baseline_followup",16.3,5.2,11.4,3.15,0.5,NA,NA,NA,NA
"Singh 2005",3,2,63,18,-9.5,5.07444578254611,"baseline_followup",18,4.5,8.5,5.5,0.5,NA,NA,NA,NA
"Smeraldi 1998b",3,2,47,58,-15.9,10.4732993846256,"baseline_followup",31.5,4.7,15.6,12,0.5,NA,NA,NA,NA
"Jacobson 1996",3,2,10,43,-18.5,8.28673639015988,"baseline_followup",29.1,6.6,10.6,9.3,0.5,NA,NA,NA,NA
"McNamara 1986",3,2,11,10,-18.3,4.82842624464742,"baseline_followup",24.8,5.29,6.5,4.17,0.5,NA,NA,NA,NA
"Marshall 2008",3,2,18,35,-10.17,5.65575812778446,"baseline_followup",18.57,4.06,8.4,6.46,0.5,NA,NA,NA,NA
"Fonagy 2019",3,2,24,54,-4.08,8.84218864309058,"baseline_followup",18.92,5.14,14.84,10.21,0.5,NA,NA,NA,NA
"Hollon 1992",3,2,48,57,-9.6,8.66025403784439,"baseline_followup",23.8,5,14.2,10,0.5,NA,NA,NA,NA
"Blackburn 1997",3,2,53,21,-9.2,6.60908465674332,"baseline_followup",20.6,4.4,11.4,7.6,0.5,NA,NA,NA,NA
"Kay-Lambkin 2011/2017",3,2,17,89,-8.3,10.3711137299713,"baseline_followup",30.5,9.6,22.2,11,0.5,NA,NA,NA,NA
"Gater 2010",3,2,53,42,-1,6.95053954740206,"baseline_followup",17.9,6.9,16.9,7,0.5,NA,NA,NA,NA
"Zhao 2019a",3,2,93,160,-15.82,5.04582996146323,"baseline_followup",25.26,4.9,9.44,5.18,0.5,NA,NA,NA,NA
"Sun 2013",3,2,57,20,-14.35,3.05707376423926,"baseline_followup",23.8,2.93,9.45,3.17,0.5,NA,NA,NA,NA
"Murri 2015",3,2,90,42,-12.7,3.67151195013716,"baseline_followup",19.8,2.6,7.1,4.2,0.5,NA,NA,NA,NA
"Ashouri 2013",3,2,69,10,-16.1,5.11706947382972,"baseline_followup",34.4,5.5,18.3,4.62,0.5,NA,NA,NA,NA
"Mendels 1999",2,2,40,89,-57.23,5.37796828482576,"baseline_followup",23.9,3.2,-33.33,6.20896331864246,0.5,NA,NA,NA,NA
"Nyth 1992",2,2,40,88,-13.1,10,"baseline_followup",26.2,10,13.1,10,0.5,NA,NA,NA,NA
"Emsley 2018",2,2,41,98,-13.6,5.71664237118258,"baseline_followup",26.7,3.2,13.1,6.6,0.5,NA,NA,NA,NA
"Godlewska 2012",2,2,41,21,-4.4,6.99070811863863,"baseline_followup",24.2,5.7,19.8,7.8,0.5,NA,NA,NA,NA
"Komulainen 2018",2,2,41,17,-1.9,4.27224765199772,"baseline_followup",22.1,3.91,20.2,4.56,0.5,NA,NA,NA,NA
"Wade 2002",2,2,41,188,-14.9,7.88859936870925,"baseline_followup",29.2,4.2,14.3,9.1,0.5,NA,NA,NA,NA
"Wang 2014c",2,2,41,152,-80.73,6.76971958310813,"baseline_followup",32,5.6,-48.73,7.52325134138739,0.5,NA,NA,NA,NA
"Fava 2005",2,2,42,47,-6.3,6.34586479528204,"baseline_followup",19.6,3.1,13.3,7.3,0.5,NA,NA,NA,NA
"Hunter 2011",2,2,42,12,-9.67,7.14598488663389,"baseline_followup",23.17,4.26,13.5,8.25,0.5,NA,NA,NA,NA
"Macias-Cortes 2015",2,2,42,46,-8.9,3.37194306001747,"baseline_followup",20.6,2.9,11.7,3.7,0.5,NA,NA,NA,NA
"Loo 2002",2,2,43,147,-14.21,7.29101501850051,"baseline_followup",27.3,3.4,13.09,8.37,0.5,NA,NA,NA,NA
"Doogan 1994",2,2,44,83,-71.2,5.47726438379317,"baseline_followup",27.9,3.4,-43.3,6.31848732053788,0.5,NA,NA,NA,NA
"Hieronymus 2016_PZ/109",2,2,44,104,-8.7,6.77347768875044,"baseline_followup",22,3.4,13.3,7.8,0.5,NA,NA,NA,NA
"Olie 1997",2,2,44,129,-70.1,6.142599478392,"baseline_followup",28.4,4.6,-41.7,6.97563133191034,0.5,NA,NA,NA,NA
"Amsterdam 1986",2,2,45,55,-12.4,7.43976478122797,"baseline_followup",24.5,4.2,12.1,8.59,0.5,NA,NA,NA,NA
"Georgotas 1982",2,2,45,15,-20,7.2538058975961,"baseline_followup",28.5,5.81,8.5,8.13,0.5,NA,NA,NA,NA
"McCallum 1975",2,2,45,12,-12.6,7.10844568101916,"baseline_followup",22.9,5.2,10.3,8.1,0.5,NA,NA,NA,NA
"Schweizer 1998",2,2,48,60,-60.6,5.79613322668195,"baseline_followup",23.9,4,-36.7,6.64705932622411,0.5,NA,NA,NA,NA
"Katz 1990",2,2,50,12,-8.6,5.8642987645583,"baseline_followup",21.7,2.5,13.1,6.7,0.5,NA,NA,NA,NA
"Cutler 2009",2,2,51,141,-75.44,6.08313408589087,"baseline_followup",30.4,4.5,-45.04,6.92086933096263,0.5,NA,NA,NA,NA
"Detke 2002a",2,2,51,128,-51.12,5.47221177482525,"baseline_followup",20.33,3.39,-30.79,6.3130111204431,0.5,NA,NA,NA,NA
"Detke 2002b",2,2,51,123,-53.75,5.85772543588471,"baseline_followup",21.42,4.11,-32.33,6.70729752726658,0.5,NA,NA,NA,NA
"Raskin 2007",2,2,51,207,-44.09,6.26343998948569,"baseline_followup",18.8,4.8,-25.29,7.08515533380575,0.5,NA,NA,NA,NA
"Levin 2013",2,2,52,51,-9.69,5.63294671249698,"baseline_followup",16.3,3.7,6.61,6.48277332338099,0.5,NA,NA,NA,NA
"Krejtz 2018",2,2,22,26,-12.97,9.22388746678969,"baseline_followup",38.64,7.19,25.67,10.4,0.5,NA,NA,NA,NA
"Mohr 2011",2,2,10,41,-5.4,4.92159526982868,"baseline_followup",20.83,3.96,15.43,5.51,0.5,NA,NA,NA,NA
"Naeem 2015",2,2,11,69,-10.9,3.61662826400502,"baseline_followup",15.3,3.4,4.4,3.8,0.5,NA,NA,NA,NA
"Hamamci 2006",2,2,14,10,-16.8,7.73380242830136,"baseline_followup",27.1,7.32,10.3,8.09,0.5,NA,NA,NA,NA
"Markkula 2019",2,2,17,124,-14.4,7.84655338349265,"baseline_followup",25,8.9,10.6,2.98,0.5,NA,NA,NA,NA
"Hamdan-Mansour 2009",2,2,19,44,-13.3,7.76981338257233,"baseline_followup",26.8,8.3,13.5,7.1,0.5,NA,NA,NA,NA
"Albornoz 2011",2,2,30,12,-7.83,4.61788912816235,"baseline_followup",19.16,5.33,11.33,2.53,0.5,NA,NA,NA,NA
"Hojatifar 2017",2,2,31,15,-36.8,10.6439278464296,"baseline_followup",46.4,11.74,9.6,9.02,0.5,NA,NA,NA,NA
"Hermens 2007",2,2,43,85,-57.6,10.2781610451202,"baseline_followup",23.7,10.4,-33.9,10.1518273868772,0.5,NA,NA,NA,NA
"Hemat-Far 2012",2,2,60,10,-8.4,6.25539766921337,"baseline_followup",25,5.3,16.6,6.9,0.5,NA,NA,NA,NA
"Roy 2018",2,2,64,20,-4.3,4.88076838213001,"baseline_followup",19.3,4.83,15,4.93,0.5,NA,NA,NA,NA
"Beach 1992",2,2,10,15,-17.4,7.36643740216395,"baseline_followup",28.27,6.98,10.87,7.7,0.5,NA,NA,NA,NA
"Kramer 2014",2,2,15,131,-10.3,9.79385521640993,"baseline_followup",39.5,8.6,29.2,10.66,0.5,NA,NA,NA,NA
"Arean 1993",2,2,16,19,-16.4,6.02245796996542,"baseline_followup",25.2,5.7,8.8,6.3,0.5,NA,NA,NA,NA
"Jamison 1995",2,2,20,33,-10.6,5.04083326445142,"baseline_followup",20.2,4.4,9.6,5.5,0.5,NA,NA,NA,NA
"Naeem 2014",2,2,20,94,-6.8,3.50428309358705,"baseline_followup",13,3.4,6.2,3.6,0.5,NA,NA,NA,NA
"Rickhi 2011",2,2,23,39,-8.5,4.52118347338393,"baseline_followup",20.4,1.54,11.9,5.09,0.5,NA,NA,NA,NA
"Choi 2012",2,2,25,25,-12.28,8.92865611388411,"baseline_followup",25.76,8.53,13.48,9.28,0.5,NA,NA,NA,NA
"Lindegaard 2019",2,2,25,25,-11.37,5.13532861655415,"baseline_followup",19.6,4.1,8.23,5.76,0.5,NA,NA,NA,NA
"Umadevi 2013",2,2,65,20,-10.55,4.1755119446602,"baseline_followup",14,4.47,3.45,3.8,0.5,NA,NA,NA,NA
"Leinonen 1999",2,2,40,133,-20.2,6.08313408589087,"baseline_followup",29.1,4.5,8.9,6.92086933096263,0.5,NA,NA,NA,NA
"Versiani 2005",2,2,42,147,-90.9,7.03487050906253,"baseline_followup",35,6,-55.9,7.74229934517821,0.5,NA,NA,NA,NA
"Wheatley 1998",2,2,42,63,-62.5,5.96620819925158,"baseline_followup",26.1,4.3,-36.4,6.81134532906722,0.5,NA,NA,NA,NA
"Zhang 2019",2,2,42,79,-14.8,2.16564078277077,"baseline_followup",23.1,2,8.3,2.3,0.5,NA,NA,NA,NA
"Hoyberg 1996",2,2,45,59,-17.3,8.28673639015988,"baseline_followup",30.3,6.6,13,9.3,0.5,NA,NA,NA,NA
"Zivkov 1995",2,2,45,111,-15.6,8.66256313108309,"baseline_followup",27.6,4.8,12,10,0.5,NA,NA,NA,NA
"Guelfi 2001",2,2,52,79,-85.7,6.83532077998528,"baseline_followup",34.1,5.7,-51.6,7.57801334233509,0.5,NA,NA,NA,NA
"Paslakis 2010",2,2,52,33,-13.9,6.47147587494537,"baseline_followup",23.2,4.6,9.3,7.4,0.5,NA,NA,NA,NA
"Fudge 1990",2,2,42,17,-14.8,7.97746827007165,"baseline_followup",23.2,2.8,8.4,9,0.5,NA,NA,NA,NA
"Moises 1981",2,2,45,20,-14.2,5.86600375042499,"baseline_followup",24.9,4.9,10.7,6.5,0.5,NA,NA,NA,NA
"Kanter 2015",2,2,33,22,-7.99,8.40815675400976,"baseline_followup",20.82,5.21,12.83,9.7,0.5,NA,NA,NA,NA
"Moradveisi 2013",2,2,44,50,-57.46,6.65285690870948,"baseline_followup",21.62,5.42,-35.84,7.42467973968152,0.5,NA,NA,NA,NA
"Thase 2018",2,2,25,77,-10.9,4.9,"baseline_followup",19.8,3.5,8.9,5.6,0.5,NA,NA,NA,NA
"Connolly Gibbons 2016",2,2,29,118,-4.16,5.31901306634981,"baseline_followup",21.05,5.93,16.89,4.35,0.5,NA,NA,NA,NA
"Rush 1977/Kovacs 1981",2,2,48,22,-12.64,10.7995972147113,"baseline_followup",30.09,6.16,17.45,12.47,0.5,NA,NA,NA,NA
"Kennedy 2007",2,2,52,12,-14.09,8.05791536316931,"baseline_followup",21.5,9.3,7.41,4.9,0.5,NA,NA,NA,NA
"Quilty 2014",2,2,53,50,-8.23,5.74185510092339,"baseline_followup",16.42,5.33,8.19,6.08,0.5,NA,NA,NA,NA
"Farabaugh 2015",2,2,41,11,-5.45,8.02601395463526,"baseline_followup",18,5.12,12.55,9.25,0.5,NA,NA,NA,NA
"McKnight 1992",2,2,46,21,-16.64,6.15754009325153,"baseline_followup",26.99,3.52,10.35,7.11,0.5,NA,NA,NA,NA
"Kheirabadi 2020",2,2,40,12,-18,11.9531753103516,"baseline_followup",45.6,12.72,27.6,11,0.5,NA,NA,NA,NA
"Alexopoulos 2003b",2,2,17,13,-11.43,5.93854359249808,"baseline_followup",25.35,5.51,13.92,6.29,0.5,NA,NA,NA,NA
"Arean 2010",2,2,17,111,-8.62,6.55057249406493,"baseline_followup",24.5,4.6,15.88,7.5,0.5,NA,NA,NA,NA
"Costa 2016",2,2,27,18,-13.7,6.95413546028548,"baseline_followup",30,6.4,16.3,7.4,0.5,NA,NA,NA,NA
"Connolly Gibbons 2012",2,2,33,15,-3.9,6.61183786855062,"baseline_followup",19.7,3.4,15.8,7.62,0.5,NA,NA,NA,NA
"Moak 2003",2,2,74,38,-11.6,6.12862137841782,"baseline_followup",19.4,2.6,7.8,7,0.5,NA,NA,NA,NA
"Hersen 1984",2,2,45,14,-17.29,7.38451758749345,"baseline_followup",25.5,5.81,8.21,8.31,0.5,NA,NA,NA,NA
"Wang 2014a",2,2,96,45,-15.85,3.71140135258907,"baseline_followup",22.15,4.02492235949962,6.3,3.28701992692469,0.5,NA,NA,NA,NA
"Moore 2005",2,2,41,138,-95,6.26343998948569,"baseline_followup",36.3,4.8,-58.7,7.08515533380575,0.5,NA,NA,NA,NA
"Hsu 2011",2,2,44,21,-21.5,9.81478476585198,"baseline_followup",38.2,4.9,16.7,11.3,0.5,NA,NA,NA,NA
"Matreja 2007",2,2,44,50,-15.1,5.50705002701083,"baseline_followup",29.1,4.9,14,5.96,0.5,NA,NA,NA,NA
"Navarro 2001",2,2,50,29,-73.53,5.84083742077874,"baseline_followup",26.21,4.08,-47.32,6.69086892698227,0.5,NA,NA,NA,NA
"Allard 2004",2,2,52,73,-18,6.85054742338158,"baseline_followup",27.6,3.6,9.6,7.9,0.5,NA,NA,NA,NA
"Jeong 2015",2,2,41,49,-17.2,7.76723889165255,"baseline_followup",30.7,5.9,13.5,8.8,0.5,NA,NA,NA,NA
"Xiaoling 2018",2,2,42,65,-8.33,3.24762990502305,"baseline_followup",20.47,3.75,12.14,1.89,0.5,NA,NA,NA,NA
"Baldwin 2006b",2,2,43,158,-77.71,5.85208865790074,"baseline_followup",29.7,4.1,-48.01,6.70182132717181,0.5,NA,NA,NA,NA
"Boulenger 2006",2,2,43,223,-92.7,5.68653971096627,"baseline_followup",34.8,3.8,-57.9,6.53753532432869,0.5,NA,NA,NA,NA
"Wade 2007",2,2,51,146,-21.52,6.02433047028623,"baseline_followup",32.1,4.4,10.58,6.86610733001493,0.5,NA,NA,NA,NA
"Montgomery 2004",2,2,52,142,-76.93,6.63997179444869,"baseline_followup",29,5.4,-47.93,7.41372733949198,0.5,NA,NA,NA,NA
"Aguglia 1993",2,2,44,48,-17.3,9.32898708327973,"baseline_followup",33.4,8.1,16.1,10.2,0.5,NA,NA,NA,NA
"Boyer 1998",2,2,44,116,-17.9,6.63997179444869,"baseline_followup",28.3,5.4,10.4,7.41372733949198,0.5,NA,NA,NA,NA
"Hieronymus 2016_PZ/111",2,2,44,106,-11.3,6.17332973362026,"baseline_followup",24.1,1.9,12.8,6.9,0.5,NA,NA,NA,NA
"Sechter 1999",2,2,44,116,-64.6,5.23627344934555,"baseline_followup",24.5,2.9,-40.1,6.04467731579935,0.5,NA,NA,NA,NA
"De Ronchi 1998",2,2,45,33,-12.56,8.19822541773523,"baseline_followup",26.5,5.67,13.94,9.4,0.5,NA,NA,NA,NA
"Demyttenaere 1998",2,2,45,31,-16.7,4.15812457725836,"baseline_followup",23.9,3.7,7.2,4.5,0.5,NA,NA,NA,NA
"Fawcett 1989",2,2,45,19,-8.9,6.89420046125727,"baseline_followup",23.5,3.1,14.6,7.9,0.5,NA,NA,NA,NA
"Marchesi 1998",2,2,45,75,-17.2,6.38513899613783,"baseline_followup",25.3,5.7,8.1,6.9,0.5,NA,NA,NA,NA
"Suleman 1997",2,2,45,15,-15.9,3.14801524773944,"baseline_followup",22.9,3.5,7,2.6,0.5,NA,NA,NA,NA
"Noguera 1991",2,2,47,60,-17.94,5.04359990482988,"baseline_followup",24.6,5.15,6.66,4.93,0.5,NA,NA,NA,NA
"Ropert 1989",2,2,47,46,-16.6,7,"baseline_followup",28.4,5,11.8,8,0.5,NA,NA,NA,NA
"Serrano-Blanco 2006",2,2,48,45,-12.9,8.74299719775776,"baseline_followup",21.7,9.2,8.8,8.2,0.5,NA,NA,NA,NA
"Basterzi 2009",2,2,52,21,-15.3,7.06611633077181,"baseline_followup",26.5,4.9,11.2,8.1,0.5,NA,NA,NA,NA
"Chang 2015",2,2,52,54,-17.2,7.4222638056054,"baseline_followup",25.9,6,8.7,8.3,0.5,NA,NA,NA,NA
"Clerc 1994",2,2,52,33,-22.8,10.7140095202496,"baseline_followup",34.8,5,12,12.3,0.5,NA,NA,NA,NA
"Costa 1998",2,2,52,196,-21.4,7.54453444554401,"baseline_followup",30.4,6.2,9,8.4,0.5,NA,NA,NA,NA
"Diaz-Martinez 1998",2,2,52,55,-23.1,7.10225959986558,"baseline_followup",31.4,6.1,8.3,7.79706134612591,0.5,NA,NA,NA,NA
"Dierick 1996",2,2,52,153,-16.3,8.60639297266863,"baseline_followup",27,4.2,10.7,9.9,0.5,NA,NA,NA,NA
"Heller 2009",2,2,52,15,-15.07,3.18004716946148,"baseline_followup",20.07,1.94,5,3.67,0.5,NA,NA,NA,NA
"Tylee 1997",2,2,52,171,-71.2,6.57585390345705,"baseline_followup",27.8,5.3,-43.4,7.35896533854427,0.5,NA,NA,NA,NA
"Fu 2003",2,2,59,32,-23.9,6.39296488336984,"baseline_followup",31.5,4.6,7.6,7.3,0.5,NA,NA,NA,NA
"Jiahui 2006",2,2,59,30,-17.66,9.81803951917082,"baseline_followup",35.36,11.27,17.7,4.57,0.5,NA,NA,NA,NA
"Duan 2009",2,2,94,46,-13.7,4.64865571966778,"baseline_followup",23.8,4,10.1,5.1,0.5,NA,NA,NA,NA
"Deushle 2003",2,2,45,40,-13.5,6.48151216923952,"baseline_followup",24,5.6,10.5,7.1,0.5,NA,NA,NA,NA
"Freed 1999",2,2,45,157,-15.08,9.43473900009958,"baseline_followup",31.66,5.71,16.58,10.89,0.5,NA,NA,NA,NA
"Moller 1993",2,2,45,74,-20.4,6.35059052372297,"baseline_followup",29.7,6.4,9.3,6.3,0.5,NA,NA,NA,NA
"Staner 1995",2,2,45,19,-13.3,6.84178339323893,"baseline_followup",24,4,10.7,7.9,0.5,NA,NA,NA,NA
"Mulsant 1999",2,2,50,27,-13.6,3.53694783676548,"baseline_followup",22.4,3.9,8.8,3,0.5,NA,NA,NA,NA
"Lee 2007",2,2,51,238,-56.39,5.863369624885,"baseline_followup",21.1,4.12,-35.29,6.71277372736135,0.5,NA,NA,NA,NA
"Wang 2013",2,2,57,24,-10.95,6.08092920531065,"baseline_followup",24.7,5.92,13.75,6.23,0.5,NA,NA,NA,NA
"Zhang 2007a",2,2,95,22,-22,5.28488410468952,"baseline_followup",29.2,6.1,7.2,3.2,0.5,NA,NA,NA,NA
"Ai 2018",2,2,97,50,-21.71,4.70927807630851,"baseline_followup",32.06,5.31,10.35,3.67,0.5,NA,NA,NA,NA
"Bersani 1994",2,2,45,30,-16,5.56506963119061,"baseline_followup",32,4.8,16,6.1,0.5,NA,NA,NA,NA
"Bhargava 2012",2,2,48,30,-13.33,4.11519136857571,"baseline_followup",27,2.66,13.67,4.74,0.5,NA,NA,NA,NA
"Sneed 2014",2,2,50,52,-13.36,7.16326564571663,"baseline_followup",24.73,6.19,11.37,7.84634714697885,0.5,NA,NA,NA,NA
"Mowla 2016",2,2,51,26,-9.3,3.47706773014274,"baseline_followup",27.96,3.7,18.66,3.2,0.5,NA,NA,NA,NA
"Shelton 2006",2,2,52,78,-12.7,5.55067563455117,"baseline_followup",22.4,2.9,9.7,6.4,0.5,NA,NA,NA,NA
"Kampman 1978",2,2,47,28,-16.7,7.2764757953284,"baseline_followup",27.1,6.35,10.4,7.94,0.5,NA,NA,NA,NA
"Balestrieri 1971",2,2,48,37,-11.93,7.3193715577227,"baseline_followup",23.98,5.68,12.05,8.26,0.5,NA,NA,NA,NA
"Luo 1985",2,2,57,27,-15.7,9.13290753265355,"baseline_followup",28.5,6.1,12.8,10.5,0.5,NA,NA,NA,NA
"Samuelian 1998",2,2,52,52,-15.2,11.1432715124419,"baseline_followup",33,7,17.8,12.85,0.5,NA,NA,NA,NA
"Janakiramaiah 2000",2,2,65,15,-16.8,7.76595132614157,"baseline_followup",25.1,6.5,8.3,8.6,0.5,NA,NA,NA,NA
"Judd 2001",2,2,77,12,-23.8,9.88078944214479,"baseline_followup",33.5,10.3,9.7,9.4,0.5,NA,NA,NA,NA
"Ozdemir 2015",2,2,99,25,-24.16,5.34422117805766,"baseline_followup",29.88,6.17,5.72,2.99,0.5,NA,NA,NA,NA
"Solati 2016",2,2,76,20,-8.72000000000001,3.4746078915469,"baseline_followup",41.45,3.83,32.73,2.95,0.5,NA,NA,NA,NA
"Tong 2020",2,2,76,43,-19.04,4.53523979520378,"baseline_followup",30.16,5.1,11.12,3.58,0.5,NA,NA,NA,NA
"DeJonghe 2001/Kool 2003",2,2,82,23,-8.61,5.85272586065672,"baseline_followup",19.7,4.8,11.09,6.52,0.5,NA,NA,NA,NA
"Sharma 2005",2,2,92,15,-13,4.36003440353399,"baseline_followup",21.27,4.35,8.27,4.37,0.5,NA,NA,NA,NA
"Quah-Smith 2013",2,2,58,25,-11.74,5.67733211993098,"baseline_followup",21.02,3.51,9.28,6.55,0.5,NA,NA,NA,NA
"Gerber 2020",2,2,61,11,-10.9,8.21462111116514,"baseline_followup",24.9,6.6,14,9.2,0.5,NA,NA,NA,NA
"Krogh 2012",2,2,61,59,-8.1,5.6,"baseline_followup",18.6,4,10.5,6.4,0.5,NA,NA,NA,NA
"Rohini 2000",2,2,65,15,-15.5,7.75048385586345,"baseline_followup",31.1,7.8,15.6,7.7,0.5,NA,NA,NA,NA
"Hopko 2003",2,2,79,15,-6.9,15.5164428913331,"baseline_followup",37.1,13.4,30.2,17,0.5,NA,NA,NA,NA
"Maina 2007",2,2,83,18,-10.84,3.90469883601796,"baseline_followup",20.67,4.256,9.83,3.417,0.5,NA,NA,NA,NA
"Dekker 2005",2,2,82,45,-8.2,6.60908465674332,"baseline_followup",20.3,4.4,12.1,7.6,0.5,NA,NA,NA,NA
"Wilson 1982",5,3,45,10,-11.2,8.43028469270167,"baseline_followup",25.8,5.12,14.6,9.73,0.5,NA,NA,NA,NA
"Schmidt 1983",5,3,14,11,-9.5,6.78011799307357,"baseline_followup",25.5,6.1,16,7.3,0.5,NA,NA,NA,NA
"Dunn 2005",5,3,61,16,-7.6,5.03189825016365,"baseline_followup",19.3,2.6,11.7,5.8,0.5,NA,NA,NA,NA
"Elkin 1989/Imber 1990",4,3,18,61,-9.8,6.87240860252066,"baseline_followup",19.6,4.6,9.8,7.9,0.5,NA,NA,NA,NA
"Perahia 2006",4,3,51,93,-53.7,5.28250338650517,"baseline_followup",21.3,3,-32.4,6.09943931674705,0.5,NA,NA,NA,NA
"Khan 1991",4,3,52,22,-8.5,8.5064681272547,"baseline_followup",25.3,3,16.8,9.6,0.5,NA,NA,NA,NA
"Schweizer 1991",4,3,52,15,-82.3,5.79613322668195,"baseline_followup",31.5,4,-50.8,6.64705932622411,0.5,NA,NA,NA,NA
"Murphy 1984",4,3,50,16,-12.69,4.38794940718327,"baseline_followup",19.69,3.16,7,5.01,0.5,NA,NA,NA,NA
"Blom 2007",4,3,53,47,-6.4,8.67582849069759,"baseline_followup",28.3,6.7,21.9,9.8,0.5,NA,NA,NA,NA
"Mynors-Wallis 1995",3,3,45,27,-11,6.2745517768204,"baseline_followup",19.1,4.8,8.1,7.1,0.5,NA,NA,NA,NA
"Goldstein 2002",3,3,51,70,-46.53,5.79613322668195,"baseline_followup",18.4,4,-28.13,6.64705932622411,0.5,NA,NA,NA,NA
"Sheehan 2009b",3,3,52,95,-14.3,8.54921633835523,"baseline_followup",29.89,3.95,15.59,9.81,0.5,NA,NA,NA,NA
"Blashki 1971",3,3,45,14,-12.5,4.71274866717927,"baseline_followup",17.6,4.5,5.1,4.9,0.5,NA,NA,NA,NA
"Choi 2014a/Choi 2014b",3,3,15,42,-13.67,5.76786789030401,"baseline_followup",27.75,5.38,14.08,6.09,0.5,NA,NA,NA,NA
"Kay-Lambkin 2009",3,3,21,23,-11.48,11.1860225281375,"baseline_followup",28.57,9.89,17.09,12.14,0.5,NA,NA,NA,NA
"Sahranavard 2018",3,3,14,10,-16.3,2.62615688792578,"baseline_followup",33.8,1.62,17.5,3.03,0.5,NA,NA,NA,NA
"Nezu 1989",3,3,16,14,-14.71,5.80080166873511,"baseline_followup",27.71,6.43,13,4.84,0.5,NA,NA,NA,NA
"Bowman 1995",3,3,20,10,-9.6,4.20356991139674,"baseline_followup",20.7,4.1,11.1,4.3,0.5,NA,NA,NA,NA
"Ward 2000/King 2000",3,3,17,67,-12.5,8.97050723203543,"baseline_followup",25.4,8.6,12.9,9.3,0.5,NA,NA,NA,NA
"Scott 1992",3,3,45,26,-10.2,7.7272245987806,"baseline_followup",18.2,6.6,8,8.5,0.5,NA,NA,NA,NA
"Miranda 2003/2006",3,3,53,88,-8.1,4.4520893971258,"baseline_followup",18,5.1,9.9,3.11,0.5,NA,NA,NA,NA
"Singh 2005",3,3,64,17,-7.1,5.8642987645583,"baseline_followup",19.5,5.3,12.4,6.3,0.5,NA,NA,NA,NA
"Smeraldi 1998b",3,3,52,55,-15.1,9.26768579527813,"baseline_followup",31.2,5.2,16.1,10.7,0.5,NA,NA,NA,NA
"Jacobson 1996",3,3,10,50,-19.7,8.44807670419723,"baseline_followup",29.8,6.3,10.1,9.6,0.5,NA,NA,NA,NA
"McNamara 1986",3,3,11,10,-17.31,3.96571557225175,"baseline_followup",22.11,4.28,4.8,3.55,0.5,NA,NA,NA,NA
"Marshall 2008",3,3,53,30,-13.83,4.69821242601907,"baseline_followup",18.53,3.58,4.7,5.32,0.5,NA,NA,NA,NA
"Fonagy 2019",3,3,28,73,-8.15,6.94283083475321,"baseline_followup",18.11,4.87,9.96,7.95,0.5,NA,NA,NA,NA
"Hollon 1992",3,3,71,25,-13.2,8.66256313108309,"baseline_followup",23.7,5.2,10.5,10,0.5,NA,NA,NA,NA
"Blackburn 1997",3,3,53,17,-8.3,5.46717477313466,"baseline_followup",20.1,3.5,11.8,6.3,0.5,NA,NA,NA,NA
"Kay-Lambkin 2011/2017",3,3,21,97,-12.9,11.3960519479335,"baseline_followup",31.7,8.7,18.8,12.9,0.5,NA,NA,NA,NA
"Gater 2010",3,3,85,42,-5.7,5.50272659687904,"baseline_followup",20.2,5.6,14.5,5.4,0.5,NA,NA,NA,NA
"Zhao 2019a",3,3,96,161,-14.56,5.5021177740939,"baseline_followup",24.8,5.16,10.24,5.79,0.5,NA,NA,NA,NA
"Sun 2013",3,3,57,16,-12.87,2.86878022859891,"baseline_followup",22.81,3.25,9.94,2.18,0.5,NA,NA,NA,NA
"Murri 2015",3,3,91,37,-11.6,4.01123422402632,"baseline_followup",20.1,3.2,8.5,4.5,0.5,NA,NA,NA,NA
"Ashouri 2013",3,3,75,10,-21,3.5328883367579,"baseline_followup",37.1,4.04,16.1,2.51,0.5,NA,NA,NA,NA
"Wilson 1982",5,4,67,12,-13.66,8.63218975695043,"baseline_followup",26.08,7.61,12.42,9.38,0.5,NA,NA,NA,NA
"Schmidt 1983",5,4,20,12,-15.3,7.15821206726931,"baseline_followup",23.8,8,8.5,5.8,0.5,NA,NA,NA,NA
"Dunn 2005",5,4,61,18,-6.4,4.33474336033865,"baseline_followup",19.2,2.3,12.8,5,0.5,NA,NA,NA,NA
"Elkin 1989/Imber 1990",4,4,48,57,-9.7,6.79117073853986,"baseline_followup",19.5,4.6,9.8,7.8,0.5,NA,NA,NA,NA
"Perahia 2006",4,4,51,103,-54.4,6.02433047028623,"baseline_followup",21.4,4.4,-33,6.86610733001493,0.5,NA,NA,NA,NA
"Khan 1991",4,4,52,22,-9.1,8.05729483139347,"baseline_followup",24.5,3.4,15.4,9.2,0.5,NA,NA,NA,NA
"Schweizer 1991",4,4,52,14,-85.4,6.44920529031322,"baseline_followup",32.1,5.1,-53.3,7.24944133664886,0.5,NA,NA,NA,NA
"Murphy 1984",4,4,72,18,-13.34,5.63521073252811,"baseline_followup",20.06,4.56,6.72,6.3,0.5,NA,NA,NA,NA
"Blom 2007",4,4,78,49,-12.8,9.43980932010811,"baseline_followup",31,5.5,18.2,10.9,0.5,NA,NA,NA,NA
"Wilson 1982",5,5,86,10,-14.6,5.5094555084872,"baseline_followup",23.1,3.51,8.5,6.35,0.5,NA,NA,NA,NA
"Schmidt 1983",5,5,24,12,-16.4,7.13932769944061,"baseline_followup",23.7,7.7,7.3,6.4,0.5,NA,NA,NA,NA
"Dunn 2005",5,5,61,13,-6.5,4.24381903478459,"baseline_followup",20.5,2.4,14,4.9,0.5,NA,NA,NA,NA
"Kasper 2005a",3,1,1,180,-14.0073233346625,4.2,"binary_response_converted",28.6,4.2,NA,NA,NA,85,0.472222222222222,0.5,-14.3
"Nemeroff 2007",3,1,1,102,-14.0073233346625,3.3,"binary_response_converted",23.7,3.3,NA,NA,NA,37,0.362745098039216,0.5,-11.85
"Goldstein 2004",3,1,1,89,-14.0073233346625,5.08,"binary_response_converted",17.2,5.08,NA,NA,NA,28,0.314606741573034,0.5,-8.6
"Feighner 1982",3,1,1,45,-14.0073233346625,4.33796265544091,"binary_response_converted",27.36,3.96,NA,NA,NA,9,0.2,0.4,-13.68
"Allen 2006",3,1,4,52,-14.0073233346625,4.2,"binary_response_converted",22.8,4.2,NA,NA,NA,9,0.173076923076923,0.5,-11.4
"Roose 2004",2,1,1,90,-14.0073233346625,3.9,"binary_response_converted",24.2,3.9,NA,NA,NA,34,0.377777777777778,0.5,-12.1
"Ratti 2011_study 096",2,1,1,123,-14.0073233346625,5.9,"binary_response_converted",22.5,5.9,NA,NA,NA,73,0.59349593495935,0.5,-11.25
"Rickels 1992",2,1,1,56,-14.0073233346625,5.46,"binary_response_converted",25.9,5.46,NA,NA,NA,10,0.178571428571429,0.5,-12.95
"Gual 2003",2,1,1,39,-14.0073233346625,8,"binary_response_converted",22.4,8,NA,NA,NA,15,0.384615384615385,0.5,-11.2
"Valle-Cabrera 2018",2,1,1,38,-14.0073233346625,2.8,"binary_response_converted",23.3,2.8,NA,NA,NA,12,0.315789473684211,0.5,-11.65
"Bakish 1992b",2,1,1,56,-14.0073233346625,3.56,"binary_response_converted",23.04,3.56,NA,NA,NA,20,0.357142857142857,0.5,-11.52
"Rickels 1994",2,1,1,95,-14.0073233346625,2.14,"binary_response_converted",23.5,2.14,NA,NA,NA,27,0.284210526315789,0.5,-11.75
"Versiani 1989",2,1,1,162,-14.0073233346625,5,"binary_response_converted",25.4,5,NA,NA,NA,157,0.969135802469136,0.5,-12.7
"Mahableshwarkar 2015a",2,1,1,161,-14.0073233346625,4.18,"binary_response_converted",31.6,4.18,NA,NA,NA,60,0.372670807453416,0.5,-15.8
"Hewett 2009",2,1,1,197,-14.0073233346625,4.77,"binary_response_converted",30.4,4.77,NA,NA,NA,91,0.461928934010152,0.5,-15.2
"Van Moffaert 1995b",2,1,6,100,-14.0073233346625,4.9,"binary_response_converted",29.2,4.9,NA,NA,NA,61,0.61,0.5,-14.6
"Hong 2003",2,1,6,66,-14.0073233346625,5.1,"binary_response_converted",23.1,5.1,NA,NA,NA,35,0.53030303030303,0.5,-11.55
"Benkert 2000",2,1,6,139,-14.0073233346625,3.3,"binary_response_converted",22.4,3.3,NA,NA,NA,74,0.532374100719424,0.5,-11.2
"Kim 2011",2,1,6,30,-14.0073233346625,2.9,"binary_response_converted",22.9,2.9,NA,NA,NA,19,0.633333333333333,0.5,-11.45
"Schatzberg 2002",2,1,6,128,-14.0073233346625,3.5,"binary_response_converted",22.2,3.5,NA,NA,NA,81,0.6328125,0.5,-11.1
"Richou 1995",2,1,6,87,-14.0073233346625,5.7,"binary_response_converted",27.7,5.7,NA,NA,NA,50,0.574712643678161,0.5,-13.85
"Egede 2015",2,1,8,121,-14.0073233346625,10.3,"binary_response_converted",26.8,10.3,NA,NA,NA,23,0.190082644628099,0.5,-13.4
"Jordan 2014",2,1,11,25,-14.0073233346625,6.4398757751994,"binary_response_converted",22.6,7.2,NA,NA,NA,11,0.44,0.6,-11.3
"Husain 2014",2,1,14,33,-14.0073233346625,4.1,"binary_response_converted",19.8,4.1,NA,NA,NA,18,0.545454545454545,0.5,-9.9
"Colonna 2005",2,1,40,182,-14.0073233346625,4.7,"binary_response_converted",30.2,4.7,NA,NA,NA,136,0.747252747252747,0.5,-15.1
"Gagiano 1993",2,1,42,45,-14.0073233346625,5,"binary_response_converted",24.5,5,NA,NA,NA,27,0.6,0.5,-12.25
"Finkel 1999",2,1,42,33,-14.0073233346625,5,"binary_response_converted",25.4,5,NA,NA,NA,13,0.393939393939394,0.5,-12.7
"Alves 1999",2,1,42,47,-14.0073233346625,3.9,"binary_response_converted",26.9,3.9,NA,NA,NA,28,0.595744680851064,0.5,-13.45
"Tzanakaki 2000",2,1,42,54,-14.0073233346625,5.6,"binary_response_converted",27.1,5.6,NA,NA,NA,28,0.518518518518518,0.5,-13.55
"Hwang 2004",2,1,43,53,-14.0073233346625,5.9,"binary_response_converted",27.3,5.9,NA,NA,NA,48,0.905660377358491,0.5,-13.65
"Mehtonen 2000",2,1,44,72,-14.0073233346625,4.5,"binary_response_converted",25.8,4.5,NA,NA,NA,41,0.569444444444444,0.5,-12.9
"Gentil 2000",2,1,45,59,-14.0073233346625,3.2,"binary_response_converted",24.5,3.2,NA,NA,NA,44,0.745762711864407,0.5,-12.25
"Benkert 1996",2,1,48,82,-14.0073233346625,5.7,"binary_response_converted",35.9,5.7,NA,NA,NA,50,0.609756097560976,0.5,-17.95
"Badyal 2005",2,1,51,13,-14.0073233346625,2.5,"binary_response_converted",26.73,2.5,NA,NA,NA,12,0.923076923076923,0.5,-13.365
"Kasper 2005a",3,2,41,174,-14.0073233346625,3.8,"binary_response_converted",28.2,3.8,NA,NA,NA,78,0.448275862068966,0.5,-14.1
"Nemeroff 2007",3,2,42,104,-14.0073233346625,3.2,"binary_response_converted",23.7,3.2,NA,NA,NA,45,0.432692307692308,0.5,-11.85
"Goldstein 2004",3,2,43,87,-14.0073233346625,5.19,"binary_response_converted",17.83,5.19,NA,NA,NA,35,0.402298850574713,0.5,-8.915
"Feighner 1982",3,2,48,48,-14.0073233346625,4.85282185949577,"binary_response_converted",26.94,4.43,NA,NA,NA,25,0.520833333333333,0.4,-13.47
"Allen 2006",3,2,56,52,-14.0073233346625,5,"binary_response_converted",22,5,NA,NA,NA,19,0.365384615384615,0.5,-11
"Roose 2004",2,2,40,84,-14.0073233346625,4.3,"binary_response_converted",24.4,4.3,NA,NA,NA,32,0.380952380952381,0.5,-12.2
"Ratti 2011_study 096",2,2,43,113,-14.0073233346625,5.5,"binary_response_converted",22.8,5.5,NA,NA,NA,65,0.575221238938053,0.5,-11.4
"Rickels 1992",2,2,43,55,-14.0073233346625,5.71,"binary_response_converted",26.8,5.71,NA,NA,NA,22,0.4,0.5,-13.4
"Gual 2003",2,2,44,44,-14.0073233346625,6.9,"binary_response_converted",22.7,6.9,NA,NA,NA,19,0.431818181818182,0.5,-11.35
"Valle-Cabrera 2018",2,2,44,39,-14.0073233346625,2.3,"binary_response_converted",22.9,2.3,NA,NA,NA,28,0.717948717948718,0.5,-11.45
"Bakish 1992b",2,2,45,59,-14.0073233346625,3.43,"binary_response_converted",22.81,3.43,NA,NA,NA,34,0.576271186440678,0.5,-11.405
"Rickels 1994",2,2,48,92,-14.0073233346625,2.01,"binary_response_converted",24.3,2.01,NA,NA,NA,31,0.33695652173913,0.5,-12.15
"Versiani 1989",2,2,48,164,-14.0073233346625,5.1,"binary_response_converted",25.5,5.1,NA,NA,NA,152,0.926829268292683,0.5,-12.75
"Mahableshwarkar 2015a",2,2,51,152,-14.0073233346625,4.39,"binary_response_converted",32.9,4.39,NA,NA,NA,80,0.526315789473684,0.5,-16.45
"Hewett 2009",2,2,52,187,-14.0073233346625,4.65,"binary_response_converted",30,4.65,NA,NA,NA,120,0.641711229946524,0.5,-15
"Van Moffaert 1995b",2,2,7,100,-14.0073233346625,5.1,"binary_response_converted",27.5,5.1,NA,NA,NA,51,0.51,0.5,-13.75
"Hong 2003",2,2,42,66,-14.0073233346625,5.2,"binary_response_converted",24.3,5.2,NA,NA,NA,30,0.454545454545455,0.5,-12.15
"Benkert 2000",2,2,43,136,-14.0073233346625,3.2,"binary_response_converted",22.4,3.2,NA,NA,NA,66,0.485294117647059,0.5,-11.2
"Kim 2011",2,2,43,30,-14.0073233346625,2.9,"binary_response_converted",23,2.9,NA,NA,NA,20,0.666666666666667,0.5,-11.5
"Schatzberg 2002",2,2,43,126,-14.0073233346625,3.5,"binary_response_converted",22.4,3.5,NA,NA,NA,69,0.547619047619048,0.5,-11.2
"Richou 1995",2,2,47,87,-14.0073233346625,5.4,"binary_response_converted",26.7,5.4,NA,NA,NA,51,0.586206896551724,0.5,-13.35
"Egede 2015",2,2,8,120,-14.0073233346625,9.8,"binary_response_converted",26.7,9.8,NA,NA,NA,19,0.158333333333333,0.5,-13.35
"Jordan 2014",2,2,13,23,-14.0073233346625,6.88708937069935,"binary_response_converted",24.7,7.7,NA,NA,NA,12,0.521739130434783,0.6,-12.35
"Husain 2014",2,2,42,33,-14.0073233346625,3.7,"binary_response_converted",21.2,3.7,NA,NA,NA,19,0.575757575757576,0.5,-10.6
"Colonna 2005",2,2,41,175,-14.0073233346625,4.3,"binary_response_converted",29.5,4.3,NA,NA,NA,132,0.754285714285714,0.5,-14.75
"Gagiano 1993",2,2,43,45,-14.0073233346625,4.7,"binary_response_converted",25,4.7,NA,NA,NA,30,0.666666666666667,0.5,-12.5
"Finkel 1999",2,2,44,42,-14.0073233346625,4.4,"binary_response_converted",24.2,4.4,NA,NA,NA,22,0.523809523809524,0.5,-12.1
"Alves 1999",2,2,52,40,-14.0073233346625,5.2,"binary_response_converted",27.9,5.2,NA,NA,NA,26,0.65,0.5,-13.95
"Tzanakaki 2000",2,2,52,55,-14.0073233346625,5.6,"binary_response_converted",27.8,5.6,NA,NA,NA,30,0.545454545454545,0.5,-13.9
"Hwang 2004",2,2,52,52,-14.0073233346625,5.8,"binary_response_converted",26.9,5.8,NA,NA,NA,43,0.826923076923077,0.5,-13.45
"Mehtonen 2000",2,2,52,75,-14.0073233346625,3.5,"binary_response_converted",25.5,3.5,NA,NA,NA,49,0.653333333333333,0.5,-12.75
"Gentil 2000",2,2,52,57,-14.0073233346625,3,"binary_response_converted",23.9,3,NA,NA,NA,43,0.754385964912281,0.5,-11.95
"Benkert 1996",2,2,52,85,-14.0073233346625,6.2,"binary_response_converted",36.8,6.2,NA,NA,NA,44,0.517647058823529,0.5,-18.4
"Badyal 2005",2,2,52,13,-14.0073233346625,2.25,"binary_response_converted",28.7,2.25,NA,NA,NA,12,0.923076923076923,0.5,-14.35
"Kasper 2005a",3,3,42,164,-14.0073233346625,3.8,"binary_response_converted",28.5,3.8,NA,NA,NA,61,0.371951219512195,0.5,-14.25
"Nemeroff 2007",3,3,52,102,-14.0073233346625,3.2,"binary_response_converted",23.5,3.2,NA,NA,NA,51,0.5,0.5,-11.75
"Goldstein 2004",3,3,51,91,-14.0073233346625,4.66,"binary_response_converted",17.86,4.66,NA,NA,NA,46,0.505494505494505,0.5,-8.93
"Feighner 1982",3,3,49,46,-14.0073233346625,4.38178046004133,"binary_response_converted",26.98,4,NA,NA,NA,28,0.608695652173913,0.4,-13.49
"Allen 2006",3,3,59,53,-14.0073233346625,4.8,"binary_response_converted",22.1,4.8,NA,NA,NA,11,0.207547169811321,0.5,-11.05
