Treatment,Treatment class,N,SMD,lower CI,upper CI,"SMD vs Placebo (mean, 95% CI)",z,p-value,P-score,Rank
Mindfulness or meditation group,Mindfulness or meditation group,15,-3.396406977534056,-4.975872756691473,-1.8169411983766393,-3.40 (-4.98 to -1.82),-4.214611953389993,2.5020801493842962e-5,0.9869610818102323,1
Exercise group + AD,Exercise group + AD,79,-2.9084779115325903,-4.076495186802489,-1.7404606362626922,-2.91 (-4.08 to -1.74),-4.880503120227319,1.0581553967146922e-6,0.9752969469726568,2
Problem solving group,Problem solving group,47,-2.4166371699610734,-3.522476419940342,-1.3107979199818047,-2.42 (-3.52 to -1.31),-4.283191989173201,1.84231071644281e-5,0.9508879162428783,3
Acupuncture + AD,Acupuncture + AD,584,-1.5902122679077477,-2.0705076718573117,-1.1099168639581838,-1.59 (-2.07 to -1.11),-6.489253795150279,8.62625478526258e-11,0.8770897569294854,4
Exercise individual + AD,Exercise individual + AD,40,-1.4103101972025267,-2.288645990864367,-0.5319744035406866,-1.41 (-2.29 to -0.53),-3.1470392229178987,0.0016493283536464347,0.8094865391621426,5
Yoga group + AD,Yoga group + AD,15,-1.5194640626756883,-2.9084186239395313,-0.13050950141184559,-1.52 (-2.91 to -0.13),-2.144126900693872,0.03202272016837576,0.7918173705851114,6
Cognitive and cognitive behavioural therapies individual + AD,Cognitive and cognitive behavioural therapies individual + AD,192,-1.2378525550746384,-1.7498630187473831,-0.7258420914018938,-1.24 (-1.75 to -0.73),-4.738470399050017,2.153374767974036e-6,0.7849125148070726,7
Cognitive and cognitive behavioural therapies individual + placebo,Cognitive and cognitive behavioural therapies individual + placebo,61,-1.1882080468418024,-2.029415387541207,-0.347000706142398,-1.19 (-2.03 to -0.35),-2.7684553679885195,0.00563226994385742,0.7349491628256519,8
Light therapy + AD,Light therapy + AD,54,-1.1754886008555863,-1.9589336147156589,-0.3920435869955138,-1.18 (-1.96 to -0.39),-2.9407492308398546,0.003274194835188827,0.7337358588516114,9
Peer support group + AD,Peer support group + AD,42,-1.2413747144155822,-2.487345241965266,0.00459581313410129,-1.24 (-2.49 to 0.00),-1.9527345774045344,0.05085105423792153,0.7190058174267241,10
Cognitive and cognitive behavioural therapies group + AD,Cognitive and cognitive behavioural therapies group + AD,63,-1.1439853049871438,-2.11502385004584,-0.17294675992844755,-1.14 (-2.12 to -0.17),-2.3090432486203096,0.02094118144708371,0.7081317098848026,11
Psychoeducation group,Psychoeducation group,44,-1.1624377129012804,-2.402731561608202,0.07785613580564088,-1.16 (-2.40 to 0.08),-1.8369324768746687,0.06621986414806251,0.68907704969621,12
Peer support group,Peer support group,39,-1.1461851003579793,-2.394271482490183,0.10190128177422464,-1.15 (-2.39 to 0.10),-1.7999407320511147,0.07186999715294656,0.6828726636705197,13
Acupuncture,Acupuncture,264,-0.8833560150383544,-1.3813276390315314,-0.38538439104517724,-0.88 (-1.38 to -0.39),-3.476796451007655,5.07442901097093e-4,0.6210553489699989,14
Problem solving individual,Problem solving individual,367,-0.8596348748510039,-1.4784554291360288,-0.24081432056597885,-0.86 (-1.48 to -0.24),-2.7226849252110177,0.006475378159015033,0.599848552748284,15
Cognitive and cognitive behavioural therapies individual,Cognitive and cognitive behavioural therapies individual,996,-0.7889640062314727,-1.0965893909566247,-0.48133862150632056,-0.79 (-1.10 to -0.48),-5.026701677085912,4.989876776235996e-7,0.5766269547906414,16
Light therapy,Light therapy,32,-0.8613556352871754,-1.8537182933313376,0.13100702275698684,-0.86 (-1.85 to 0.13),-1.70121881285899,0.08890190646764246,0.5745295105612296,17
Cognitive and cognitive behavioural therapies group,Cognitive and cognitive behavioural therapies group,165,-0.8070071520801085,-1.3687446078582928,-0.2452696963019243,-0.81 (-1.37 to -0.25),-2.815737026387333,0.004866548350973569,0.5716370486091329,18
Exercise group,Exercise group,106,-0.8059412239448034,-1.4861728937568481,-0.12570955413275864,-0.81 (-1.49 to -0.13),-2.322173228165647,0.02022360991942843,0.5633261531108111,19
Yoga group,Yoga group,35,-0.7823776212401987,-1.7148837551550558,0.1501285126746582,-0.78 (-1.71 to 0.15),-1.6444202393642589,0.10008942728061754,0.5395482075986909,20
SNRIs,SNRIs,7145,-0.7153046675616412,-0.8590134149059592,-0.5715959202173233,-0.72 (-0.86 to -0.57),-9.755644053003744,1.7448955669695267e-22,0.5249541357706363,21
Mirtazapine,Mirtazapine,1884,-0.7151262942569834,-0.9576953324176043,-0.47255725609636245,-0.72 (-0.96 to -0.47),-5.778238606912289,7.548670560803954e-9,0.5215831659078358,22
Interpersonal psychotherapy (IPT) individual + AD,Interpersonal psychotherapy (IPT) individual + AD,99,-0.7299791533399338,-1.444483813054076,-0.015474493625791452,-0.73 (-1.44 to -0.02),-2.0024122034189618,0.04524041706802603,0.5184538691695487,23
Exercise individual,Exercise individual,78,-0.7006063874410682,-1.3667853855136407,-0.03442738936849554,-0.70 (-1.37 to -0.03),-2.0612527424252693,0.03927893413716367,0.5004782733766389,24
Relaxation individual + AD,Relaxation individual + AD,10,-0.6961685295930291,-1.870602928721156,0.47826586953509787,-0.70 (-1.87 to 0.48),-1.1618062670724656,0.24531416781271406,0.4937542079908923,25
Music therapy group,Music therapy group,12,-0.6987263931642711,-2.1068544574204227,0.7094016710918805,-0.70 (-2.11 to 0.71),-0.9725525684860038,0.3307757260569004,0.4917981540451986,26
Short-term psychodynamic psychotherapies individual,Short-term psychodynamic psychotherapies individual,233,-0.6768220347408582,-1.3128446458408578,-0.040799423640858756,-0.68 (-1.31 to -0.04),-2.085691277140194,0.03700659709326903,0.487722188874766,27
Behavioural therapies individual + AD,Behavioural therapies individual + AD,22,-0.6475138844418287,-1.6799602720324673,0.38493250314881,-0.65 (-1.68 to 0.38),-1.2292201399021307,0.21898927979363164,0.47276568496615884,28
Counselling individual,Counselling individual,404,-0.652199862913101,-1.230191557052506,-0.07420816877369585,-0.65 (-1.23 to -0.07),-2.2116031337352213,0.02699409870987187,0.47096450541611523,29
TCAs,TCAs,4271,-0.6194721482999954,-0.7660671774059287,-0.4728771191940622,-0.62 (-0.77 to -0.47),-8.282293796035036,1.208250563473347e-16,0.4444055187230545,30
Self-help,Self-help,344,-0.6093823784008512,-1.1437007112567263,-0.07506404554497614,-0.61 (-1.14 to -0.08),-2.2353107521040103,0.025396954670313738,0.44215904415804846,31
Any AD,Any AD,452,-0.602244448600258,-1.0917397741069035,-0.11274912309361251,-0.60 (-1.09 to -0.11),-2.411417163021844,0.01589066116292182,0.4345748667759187,32
Self-help with support,Self-help with support,230,-0.5936687484708063,-1.1198401529122726,-0.06749734402934005,-0.59 (-1.12 to -0.07),-2.211388448570069,0.0270089490748779,0.431484381807707,33
Interpersonal psychotherapy (IPT) individual + placebo,Interpersonal psychotherapy (IPT) individual + placebo,69,-0.512590377654691,-1.320677266127864,0.29549651081848205,-0.51 (-1.32 to 0.30),-1.2432557604334051,0.21377360084839128,0.3932185193437352,34
Interpersonal psychotherapy (IPT) individual,Interpersonal psychotherapy (IPT) individual,146,-0.527929879344812,-1.1383750582218346,0.0825152995322107,-0.53 (-1.14 to 0.08),-1.6950310784367055,0.09006952531339459,0.3928576801161578,35
Short-term psychodynamic psychotherapies individual + AD,Short-term psychodynamic psychotherapies individual + AD,41,-0.4731647100533207,-1.5988449943771956,0.6525155742705542,-0.47 (-1.60 to 0.65),-0.8238447482598202,0.4100277778590992,0.3882501151534101,36
SSRIs,SSRIs,17305,-0.5322265103814519,-0.6371598901422227,-0.42729313062068097,-0.53 (-0.64 to -0.43),-9.941019667366668,2.7598745258695915e-23,0.37052493684470317,37
Psychoeducation group + AD,Psychoeducation group + AD,27,-0.3883899817367711,-1.5288972189127796,0.7521172554392375,-0.39 (-1.53 to 0.75),-0.667448965992632,0.5044853975364814,0.3477106071576092,38
Sham acupuncture,Sham acupuncture,108,-0.3595485612466707,-1.0883665470894495,0.369269424596108,-0.36 (-1.09 to 0.37),-0.9669111416367916,0.33358845637173423,0.3070753745892248,39
Counselling individual + AD,Counselling individual + AD,57,-0.22888093252420338,-1.496990271949172,1.0392284069007651,-0.23 (-1.50 to 1.04),-0.35375371077923007,0.7235234665206893,0.29090384795827484,40
Trazodone,Trazodone,1072,-0.3857878351184878,-0.7160502804412026,-0.05552538979577304,-0.39 (-0.72 to -0.06),-2.289483025437732,0.022051303058485877,0.29082936151626515,41
TAU,TAU,220,-0.3666002254573284,-0.8866870990465884,0.15348664813193158,-0.37 (-0.89 to 0.15),-1.3815446516884853,0.16711155858827612,0.2906259775595772,42
Relaxation individual + placebo,Relaxation individual + placebo,11,-0.17694447743676722,-1.334921708088711,0.9810327532151766,-0.18 (-1.33 to 0.98),-0.2994919017916026,0.7645647500765551,0.2631811192163725,43
Counselling individual + placebo,Counselling individual + placebo,26,0.10959981323749046,-1.6332009088901291,1.85240053536511,0.11 (-1.63 to 1.85),0.1232565972290592,0.9019039090831965,0.2162084113571781,44
No treatment,No treatment,504,-0.1826715136421173,-0.6273477384839276,0.26200471119969293,-0.18 (-0.63 to 0.26),-0.8051466836737965,0.420735039065544,0.19436596926897148,45
Any psychotherapy,Any psychotherapy,37,0.01906480160341939,-1.0013133334020576,1.0394429366088964,0.02 (-1.00 to 1.04),0.036620075669205616,0.9707879361960225,0.1786509293907138,46
Placebo,Placebo,12554,0,0,0,0.00 (0.00 to 0.00),NA,NA,0.12339135104849293,47
Behavioural therapies individual,Behavioural therapies individual,137,0.1460187674497626,-0.5361481447593115,0.8281856796588367,0.15 (-0.54 to 0.83),0.4195329913344591,0.6748266488112555,0.10888725412744706,48
Attention placebo,Attention placebo,61,0.3660784931250225,-0.588693536876414,1.3208505231264591,0.37 (-0.59 to 1.32),0.7514889832273974,0.4523584284595576,0.08118261096524665,49
Waitlist,Waitlist,526,0.4864355331208494,0.014939741221871083,0.9579313250198278,0.49 (0.01 to 0.96),2.0220670939130625,0.04316942094329337,0.03624177215021244,50
